{
	"credit": "Made with Blockbench",
	"textures": {
		"0": "block/nail_board",
		"1": "melee/planks",
		"particle": "block/nail_board"
	},
	"elements": [
		{
			"from": [0, 0, 0],
			"to": [3, 20, 1],
			"faces": {
				"north": {"uv": [0, 0, 3, 16], "texture": "#1"},
				"east": {"uv": [0, 0, 1, 16], "texture": "#1"},
				"south": {"uv": [0, 0, 3, 16], "texture": "#1"},
				"west": {"uv": [0, 0, 1, 16], "texture": "#1"},
				"up": {"uv": [0, 0, 3, 1], "texture": "#1"},
				"down": {"uv": [0, 0, 3, 1], "texture": "#1"}
			}
		},
		{
			"from": [2.25, 19, -2],
			"to": [2.75, 19.5, 1.5],
			"faces": {
				"north": {"uv": [15.3, 0, 15.8, 0.5], "texture": "#0"},
				"east": {"uv": [12.5, 0, 16, 0.5], "texture": "#0"},
				"south": {"uv": [15.3, 0, 15.8, 0.5], "texture": "#0"},
				"west": {"uv": [12.5, 0, 16, 0.5], "texture": "#0"},
				"up": {"uv": [15.3, 0, 15.8, 3.5], "texture": "#0"},
				"down": {"uv": [15.3, 0, 15.8, 3.5], "texture": "#0"}
			}
		},
		{
			"from": [1.75, 18, -1.75],
			"to": [2.25, 18.5, 1.75],
			"faces": {
				"north": {"uv": [15.3, 0, 15.8, 0.5], "texture": "#0"},
				"east": {"uv": [12.5, 0, 16, 0.5], "texture": "#0"},
				"south": {"uv": [15.3, 0, 15.8, 0.5], "texture": "#0"},
				"west": {"uv": [12.5, 0, 16, 0.5], "texture": "#0"},
				"up": {"uv": [15.3, 0, 15.8, 3.5], "texture": "#0"},
				"down": {"uv": [15.3, 0, 15.8, 3.5], "texture": "#0"}
			}
		},
		{
			"from": [1, 18.75, -1.5],
			"to": [1.5, 19.25, 2],
			"faces": {
				"north": {"uv": [15.3, 0, 15.8, 0.5], "texture": "#0"},
				"east": {"uv": [12.5, 0, 16, 0.5], "texture": "#0"},
				"south": {"uv": [15.3, 0, 15.8, 0.5], "texture": "#0"},
				"west": {"uv": [12.5, 0, 16, 0.5], "texture": "#0"},
				"up": {"uv": [15.3, 0, 15.8, 3.5], "texture": "#0"},
				"down": {"uv": [15.3, 0, 15.8, 3.5], "texture": "#0"}
			}
		},
		{
			"from": [0.25, 17.25, -1.25],
			"to": [0.75, 17.75, 2.25],
			"faces": {
				"north": {"uv": [15.3, 0, 15.8, 0.5], "texture": "#0"},
				"east": {"uv": [12.5, 0, 16, 0.5], "texture": "#0"},
				"south": {"uv": [15.3, 0, 15.8, 0.5], "texture": "#0"},
				"west": {"uv": [12.5, 0, 16, 0.5], "texture": "#0"},
				"up": {"uv": [15.3, 0, 15.8, 3.5], "texture": "#0"},
				"down": {"uv": [15.3, 0, 15.8, 3.5], "texture": "#0"}
			}
		},
		{
			"from": [2, 16.5, -1],
			"to": [2.5, 17, 1.5],
			"faces": {
				"north": {"uv": [15.3, 0, 15.8, 0.5], "texture": "#0"},
				"east": {"uv": [12.5, 0, 15, 0.5], "texture": "#0"},
				"south": {"uv": [15.3, 0, 15.8, 0.5], "texture": "#0"},
				"west": {"uv": [12.5, 0, 15, 0.5], "texture": "#0"},
				"up": {"uv": [15.3, 0, 15.8, 2.5], "texture": "#0"},
				"down": {"uv": [15.3, 0, 15.8, 2.5], "texture": "#0"}
			}
		},
		{
			"from": [0.15, 17.15, 2.25],
			"to": [0.85, 17.85, 2.5],
			"faces": {
				"north": {"uv": [15.3, 0, 16, 0.7], "texture": "#0"},
				"east": {"uv": [12.5, 0, 12.75, 0.7], "texture": "#0"},
				"south": {"uv": [15.3, 0, 16, 0.7], "texture": "#0"},
				"west": {"uv": [12.5, 0, 12.75, 0.7], "texture": "#0"},
				"up": {"uv": [15.3, 0, 16, 0.25], "texture": "#0"},
				"down": {"uv": [15.3, 0, 16, 0.25], "texture": "#0"}
			}
		},
		{
			"from": [0.9, 18.65, 2],
			"to": [1.6, 19.35, 2.25],
			"faces": {
				"north": {"uv": [15.3, 0, 16, 0.7], "texture": "#0"},
				"east": {"uv": [12.5, 0, 12.75, 0.7], "texture": "#0"},
				"south": {"uv": [15.3, 0, 16, 0.7], "texture": "#0"},
				"west": {"uv": [12.5, 0, 12.75, 0.7], "texture": "#0"},
				"up": {"uv": [15.3, 0, 16, 0.25], "texture": "#0"},
				"down": {"uv": [15.3, 0, 16, 0.25], "texture": "#0"}
			}
		},
		{
			"from": [1.65, 17.9, 1.75],
			"to": [2.35, 18.6, 2],
			"faces": {
				"north": {"uv": [15.3, 0, 16, 0.7], "texture": "#0"},
				"east": {"uv": [12.5, 0, 12.75, 0.7], "texture": "#0"},
				"south": {"uv": [15.3, 0, 16, 0.7], "texture": "#0"},
				"west": {"uv": [12.5, 0, 12.75, 0.7], "texture": "#0"},
				"up": {"uv": [15.3, 0, 16, 0.25], "texture": "#0"},
				"down": {"uv": [15.3, 0, 16, 0.25], "texture": "#0"}
			}
		},
		{
			"from": [1.9, 16.4, 1.5],
			"to": [2.6, 17.1, 1.75],
			"faces": {
				"north": {"uv": [15.3, 0, 16, 0.7], "texture": "#0"},
				"east": {"uv": [12.5, 0, 12.75, 0.7], "texture": "#0"},
				"south": {"uv": [15.3, 0, 16, 0.7], "texture": "#0"},
				"west": {"uv": [12.5, 0, 12.75, 0.7], "texture": "#0"},
				"up": {"uv": [15.3, 0, 16, 0.25], "texture": "#0"},
				"down": {"uv": [15.3, 0, 16, 0.25], "texture": "#0"}
			}
		},
		{
			"from": [2.15, 18.9, 1.5],
			"to": [2.85, 19.6, 1.75],
			"faces": {
				"north": {"uv": [15.3, 0, 16, 0.7], "texture": "#0"},
				"east": {"uv": [12.5, 0, 12.75, 0.7], "texture": "#0"},
				"south": {"uv": [15.3, 0, 16, 0.7], "texture": "#0"},
				"west": {"uv": [12.5, 0, 12.75, 0.7], "texture": "#0"},
				"up": {"uv": [15.3, 0, 16, 0.25], "texture": "#0"},
				"down": {"uv": [15.3, 0, 16, 0.25], "texture": "#0"}
			}
		}
	],
	"display": {
		"thirdperson_righthand": {
			"translation": [6.5, 3.25, 8.5]
		},
		"thirdperson_lefthand": {
			"translation": [-6.75, 3.25, 8.75]
		},
		"firstperson_righthand": {
			"rotation": [-7, -2, 0],
			"translation": [11, 4, 5.5]
		},
		"firstperson_lefthand": {
			"rotation": [-5, -2, 0],
			"translation": [-1, 1.75, 4]
		},
		"ground": {
			"rotation": [0, 0, 90],
			"translation": [0.75, 4, 6.75]
		},
		"gui": {
			"rotation": [9, 51, 24],
			"translation": [9.5, 1.5, 0]
		},
		"fixed": {
			"rotation": [0, -90, 0],
			"translation": [-6.75, -1.25, 5.5]
		}
	}
}