{
	"credit": "Made with Blockbench",
	"textures": {
		"1": "assault_rifle_ammo",
		"particle": "assault_rifle_ammo"
	},
	"elements": [
		{
			"from": [5, 0, 4],
			"to": [8, 1, 9],
			"rotation": {"angle": 0, "axis": "y", "origin": [13, 8, 12]},
			"faces": {
				"north": {"uv": [4, 0, 7, 1], "texture": "#1"},
				"east": {"uv": [4, 0, 8, 1], "texture": "#1"},
				"south": {"uv": [4, 0, 7, 1], "texture": "#1"},
				"west": {"uv": [4, 0, 8, 1], "texture": "#1"},
				"up": {"uv": [4, 0, 7, 4], "texture": "#1"},
				"down": {"uv": [4, 0, 7, 4], "texture": "#1"}
			}
		},
		{
			"from": [5.3125, 1, 4.375],
			"to": [7.625, 11, 8.625],
			"rotation": {"angle": 0, "axis": "y", "origin": [13, 9, 12]},
			"faces": {
				"north": {"uv": [0, 0, 2.3125, 10], "texture": "#1"},
				"east": {"uv": [0, 0, 4.25, 10], "texture": "#1"},
				"south": {"uv": [0, 0, 2.3125, 10], "texture": "#1"},
				"west": {"uv": [0, 0, 4.25, 10], "texture": "#1"},
				"up": {"uv": [0, 0, 2.3125, 4.25], "texture": "#1"},
				"down": {"uv": [0, 0, 2.3125, 4.25], "texture": "#1"}
			}
		}
	],
	"display": {
		"thirdperson_righthand": {
			"translation": [0, 0, 0.25],
			"scale": [0.5, 0.5, 0.5]
		},
		"thirdperson_lefthand": {
			"translation": [0, 0, 0.25],
			"scale": [0.5, 0.5, 0.5]
		},
		"firstperson_righthand": {
			"translation": [6.25, 3.25, 0],
			"scale": [0.5, 0.5, 0.28]
		},
		"firstperson_lefthand": {
			"translation": [4.75, 3.5, 0],
			"scale": [0.5, 0.5, 0.28]
		},
		"ground": {
			"translation": [0, 0, 0.25],
			"scale": [0.5, 0.5, 0.5]
		},
		"gui": {
			"rotation": [22, -34, 0],
			"translation": [0.5, 2, 0]
		},
		"fixed": {
			"translation": [-0.25, 4, 0]
		}
	}
}