{
	"credit": "Made with Blockbench",
	"textures": {
		"0": "sniper_rifle",
		"particle": "sniper_rifle"
	},
	"elements": [
		{
			"from": [3.9375, 0.625, 6.875],
			"to": [5.6875, 0.8125, 7.625],
			"rotation": {"angle": 0, "axis": "y", "origin": [2.25, -0.4375, 7.25]},
			"faces": {
				"north": {"uv": [8, 7, 13, 8], "texture": "#0"},
				"east": {"uv": [12, 7, 13, 8], "texture": "#0"},
				"south": {"uv": [8, 7, 13, 8], "texture": "#0"},
				"west": {"uv": [12, 7, 13, 8], "texture": "#0"},
				"up": {"uv": [10, 5, 13, 8], "texture": "#0"},
				"down": {"uv": [8, 5, 13, 8], "texture": "#0"}
			}
		},
		{
			"from": [4, 0.8125, 6.9375],
			"to": [5.625, 2, 7.5625],
			"rotation": {"angle": 0, "axis": "y", "origin": [2.25, 0.75, 7.25]},
			"faces": {
				"north": {"uv": [8, 4, 13, 8], "texture": "#0"},
				"east": {"uv": [12, 4, 13, 8], "texture": "#0"},
				"south": {"uv": [8, 4, 13, 8], "texture": "#0"},
				"west": {"uv": [12, 4, 13, 8], "texture": "#0"},
				"up": {"uv": [8, 5, 13, 8], "texture": "#0"},
				"down": {"uv": [10, 5, 13, 8], "texture": "#0"}
			}
		}
	],
	"gui_light": "front",
	"display": {
		"thirdperson_righthand": {
			"rotation": [0, 90, 0],
			"translation": [0, 10, -3.75],
			"scale": [1.5, 1.5, 1.5]
		},
		"thirdperson_lefthand": {
			"rotation": [0, 90, 0],
			"translation": [0.5, 10.75, 5.5],
			"scale": [1.5, 1.5, 1.5]
		},
		"firstperson_righthand": {
			"rotation": [0, 80.5, 0],
			"translation": [4, 11.25, -2.5],
			"scale": [1.5, 1.5, 1.5]
		},
		"firstperson_lefthand": {
			"rotation": [0, 80.5, 0],
			"translation": [0, 10, 7.5]
		},
		"ground": {
			"translation": [4, 6.75, 1.75],
			"scale": [1.6, 1.6, 1.6]
		},
		"gui": {
			"rotation": [23, -131, 0],
			"translation": [-5.5, 11.5, 0],
			"scale": [2.3, 2.3, 2.3]
		},
		"fixed": {
			"translation": [6, 12.75, 0],
			"scale": [2, 2, 2]
		}
	}
}