{
	"credit": "Made with Blockbench",
	"textures": {
		"0": "pistol_texture",
		"particle": "pistol_texture"
	},
	"elements": [
		{
			"name": "handle",
			"from": [12.625, 1.45, 4.25],
			"to": [15.125, 8.45, 6.75],
			"rotation": {"angle": 22.5, "axis": "z", "origin": [13.875, 4.5, 5.5]},
			"faces": {
				"north": {"uv": [0, 0, 2.5, 7], "texture": "#0"},
				"east": {"uv": [0, 0, 2.5, 7], "texture": "#0"},
				"south": {"uv": [0, 0, 2.5, 7], "texture": "#0"},
				"west": {"uv": [0, 0, 2.5, 7], "texture": "#0"},
				"up": {"uv": [0, 0, 2.5, 2.5], "texture": "#0"},
				"down": {"uv": [0, 0, 2.5, 2.5], "texture": "#0"}
			}
		},
		{
			"name": "handle1",
			"from": [10.25, 3.75, 5.0001],
			"to": [13.75, 4.75, 6.0001],
			"rotation": {"angle": 0, "axis": "z", "origin": [14.25, 4.25, 5.5]},
			"faces": {
				"north": {"uv": [15, 12.75, 16, 16], "rotation": 90, "texture": "#0"},
				"east": {"uv": [0, 0, 1, 1], "rotation": 270, "texture": "#0"},
				"south": {"uv": [15, 12.75, 16, 16], "rotation": 270, "texture": "#0"},
				"west": {"uv": [0, 0, 1, 1], "rotation": 270, "texture": "#0"},
				"up": {"uv": [15, 12.75, 16, 16], "rotation": 270, "texture": "#0"},
				"down": {"uv": [15, 12.75, 16, 16], "rotation": 270, "texture": "#0"}
			}
		},
		{
			"name": "handle2",
			"from": [9.22, 3.75, 5],
			"to": [10.22, 9.25, 6],
			"rotation": {"angle": 45, "axis": "z", "origin": [9.75, 5, 5.5]},
			"faces": {
				"north": {"uv": [15, 9, 16, 16], "texture": "#0"},
				"east": {"uv": [15, 9, 16, 16], "texture": "#0"},
				"south": {"uv": [15, 9, 16, 16], "texture": "#0"},
				"west": {"uv": [15, 9, 16, 16], "texture": "#0"},
				"up": {"uv": [0, 0, 1, 1], "texture": "#0"},
				"down": {"uv": [0, 0, 1, 1], "texture": "#0"}
			}
		},
		{
			"name": "trigger",
			"from": [10.5, 6.5, 5.25],
			"to": [11.75, 7.75, 5.75],
			"rotation": {"angle": 0, "axis": "y", "origin": [18.75, 14, 13]},
			"faces": {
				"north": {"uv": [16, 4, 16, 4.25], "texture": "#0"},
				"east": {"uv": [15.5, 3, 16, 4.25], "texture": "#0"},
				"south": {"uv": [16, 3, 16, 4.25], "texture": "#0"},
				"west": {"uv": [16, 3, 16, 4.25], "texture": "#0"},
				"up": {"uv": [15, 3, 16, 3.5], "texture": "#0"},
				"down": {"uv": [15, 3, 16, 3.5], "texture": "#0"}
			}
		},
		{
			"name": "base",
			"from": [4, 7.45, 4.2],
			"to": [14.002, 8.14264, 6.8],
			"rotation": {"angle": 0, "axis": "x", "origin": [9, 8.5, 5.5]},
			"faces": {
				"north": {"uv": [0, 15.25, 10, 16], "texture": "#0"},
				"east": {"uv": [6, 8.25, 9, 9], "texture": "#0"},
				"south": {"uv": [0, 15.25, 10, 16], "texture": "#0"},
				"west": {"uv": [3, 8.25, 6, 9], "texture": "#0"},
				"up": {"uv": [0, 15.25, 10, 16], "texture": "#0"},
				"down": {"uv": [0, 11, 10, 13], "texture": "#0"}
			}
		},
		{
			"name": "barrel",
			"from": [4, 8.12868, 4.2],
			"to": [14.002, 9.57132, 6.8],
			"rotation": {"angle": 0, "axis": "x", "origin": [9, 8.5, 5.5]},
			"faces": {
				"north": {"uv": [0, 13, 10, 15], "texture": "#0"},
				"east": {"uv": [6, 4.75, 9, 7], "texture": "#0"},
				"south": {"uv": [0, 13, 10, 15], "texture": "#0"},
				"west": {"uv": [3, 4.75, 6, 7], "texture": "#0"},
				"up": {"uv": [0, 14.25, 10, 16], "texture": "#0"},
				"down": {"uv": [0, 11.25, 10, 13], "texture": "#0"}
			}
		},
		{
			"name": "right_side",
			"from": [4.0001, 8.41, 4],
			"to": [13.9991, 9.37, 5],
			"rotation": {"angle": 45, "axis": "x", "origin": [9, 8.75, 5.5]},
			"faces": {
				"north": {"uv": [0, 13, 10, 14.25], "texture": "#0"},
				"east": {"uv": [2, 13, 3, 14], "texture": "#0"},
				"south": {"uv": [0, 0, 1, 1], "texture": "#missing"},
				"west": {"uv": [2, 13, 3.25, 14], "texture": "#0"},
				"up": {"uv": [0, 0, 1, 1], "texture": "#missing"},
				"down": {"uv": [0, 13, 10, 15], "texture": "#0"}
			}
		},
		{
			"name": "left_side",
			"from": [4.0002, 9.25, 4.87868],
			"to": [14.00021, 10.25, 5.83868],
			"rotation": {"angle": 45, "axis": "x", "origin": [9, 8.75, 5.5]},
			"faces": {
				"north": {"uv": [0, 0, 1, 1], "texture": "#missing"},
				"east": {"uv": [3, 13, 4, 14], "texture": "#0"},
				"south": {"uv": [0, 13, 10, 14], "texture": "#0"},
				"west": {"uv": [3, 13, 4, 14], "texture": "#0"},
				"up": {"uv": [0, 13, 10, 14.25], "texture": "#0"},
				"down": {"uv": [0, 0, 1, 1], "texture": "#missing"}
			}
		},
		{
			"name": "center",
			"from": [4.001, 9.25, 4.87868],
			"to": [14, 10.25, 6.12132],
			"rotation": {"angle": 0, "axis": "x", "origin": [9, 8.75, 5.5]},
			"faces": {
				"north": {"uv": [0, 0, 1, 1], "texture": "#missing"},
				"east": {"uv": [6, 6, 7, 7], "texture": "#0"},
				"south": {"uv": [0, 0, 1, 1], "texture": "#missing"},
				"west": {"uv": [3, 14, 4, 15], "texture": "#0"},
				"up": {"uv": [0, 13, 10, 14.25], "texture": "#0"},
				"down": {"uv": [0, 0, 1, 1], "texture": "#missing"}
			}
		},
		{
			"name": "sight",
			"from": [4.375, 9.75, 5.25],
			"to": [5.625, 10.5, 5.75],
			"rotation": {"angle": 0, "axis": "y", "origin": [12.125, 17.25, 13]},
			"faces": {
				"north": {"uv": [0, 13, 1.25, 13.5], "texture": "#0"},
				"east": {"uv": [0, 13, 0.5, 13.5], "texture": "#0"},
				"south": {"uv": [0, 13, 1.25, 13.5], "texture": "#0"},
				"west": {"uv": [0, 13, 0.5, 13.5], "texture": "#0"},
				"up": {"uv": [0, 13, 1.25, 13.5], "texture": "#0"},
				"down": {"uv": [0, 13, 1.25, 13.5], "texture": "#0"}
			}
		}
	],
	"gui_light": "front",
	"display": {
		"thirdperson_righthand": {
			"rotation": [0, -90, 0],
			"translation": [-2.25, 0.25, -1.75],
			"scale": [0.8, 0.8, 0.8]
		},
		"thirdperson_lefthand": {
			"rotation": [0, 90, -24],
			"translation": [0.5, -8.5, -1.25],
			"scale": [0.75, 0.75, 0.75]
		},
		"firstperson_righthand": {
			"rotation": [0, -98, 0],
			"translation": [-2.75, 3.75, 0.5]
		},
		"firstperson_lefthand": {
			"translation": [0, -6, 0]
		},
		"ground": {
			"rotation": [90, 0, 0],
			"translation": [-1.75, -5, 0.5],
			"scale": [0.75, 0.75, 0.75]
		},
		"gui": {
			"rotation": [26, -31, 5],
			"translation": [-2.75, 1.25, 0]
		},
		"fixed": {
			"rotation": [0, -180, 0],
			"translation": [1.5, 2.25, -3.25]
		}
	}
}