{
	"credit": "Made with Blockbench",
	"textures": {
		"0": "sniper_rifle",
		"particle": "sniper_rifle"
	},
	"elements": [
		{
			"from": [1, 0, 6.6875],
			"to": [2, 2.5, 7.8125],
			"rotation": {"angle": -22.5, "axis": "z", "origin": [1.25, 1.25, 7.25]},
			"faces": {
				"north": {"uv": [0, 0, 2, 4], "texture": "#0"},
				"east": {"uv": [0, 0, 2, 4], "texture": "#0"},
				"south": {"uv": [0, 0, 2, 4], "texture": "#0"},
				"west": {"uv": [0, 0, 2, 4], "texture": "#0"},
				"up": {"uv": [0, 0, 2, 2], "texture": "#0"},
				"down": {"uv": [0, 0, 2, 4], "texture": "#0"}
			}
		},
		{
			"from": [3.5, 0.5, 6.6875],
			"to": [4, 2.5, 7.8125],
			"rotation": {"angle": -22.5, "axis": "z", "origin": [4.25, 1.25, 7.25]},
			"faces": {
				"north": {"uv": [0, 0, 3, 5], "texture": "#0"},
				"east": {"uv": [0, 0, 3, 5], "texture": "#0"},
				"south": {"uv": [0, 0, 3, 5], "texture": "#0"},
				"west": {"uv": [0, 0, 3, 5], "texture": "#0"},
				"up": {"uv": [0, 0, 3, 3], "texture": "#0"},
				"down": {"uv": [0, 0, 3, 3], "texture": "#0"}
			}
		},
		{
			"from": [1.10056, 0.19134, 6.6876],
			"to": [3.78806, 0.69134, 7.8126],
			"rotation": {"angle": 22.5, "axis": "z", "origin": [2.53806, 0.44134, 7.25]},
			"faces": {
				"north": {"uv": [0, 0, 3, 5], "rotation": 270, "texture": "#0"},
				"east": {"uv": [0, 0, 3, 3], "rotation": 90, "texture": "#0"},
				"south": {"uv": [0, 0, 3, 5], "rotation": 90, "texture": "#0"},
				"west": {"uv": [0, 0, 3, 3], "rotation": 90, "texture": "#0"},
				"up": {"uv": [0, 0, 3, 5], "rotation": 90, "texture": "#0"},
				"down": {"uv": [0, 0, 3, 5], "rotation": 90, "texture": "#0"}
			}
		},
		{
			"from": [1.35, 2, 6.5],
			"to": [10, 3, 8],
			"rotation": {"angle": 0, "axis": "z", "origin": [1.75, 1.75, 7.25]},
			"faces": {
				"north": {"uv": [0, 13, 16, 15], "texture": "#0"},
				"east": {"uv": [13, 14, 16, 16], "texture": "#0"},
				"south": {"uv": [0, 13, 16, 15], "texture": "#0"},
				"west": {"uv": [11, 13, 14, 15], "texture": "#0"},
				"up": {"uv": [0, 13, 16, 16], "texture": "#0"},
				"down": {"uv": [0, 13, 16, 16], "texture": "#0"}
			}
		},
		{
			"from": [2.1, 1.5, 7.1],
			"to": [2.8, 2, 7.4],
			"rotation": {"angle": 0, "axis": "z", "origin": [1.75, 1.75, 7.25]},
			"faces": {
				"north": {"uv": [11, 0, 13, 2], "texture": "#0"},
				"east": {"uv": [11, 0, 13, 2], "texture": "#0"},
				"south": {"uv": [11, 0, 13, 2], "texture": "#0"},
				"west": {"uv": [11, 0, 13, 2], "texture": "#0"},
				"up": {"uv": [11, 0, 13, 2], "texture": "#0"},
				"down": {"uv": [11, 0, 13, 2], "texture": "#0"}
			}
		},
		{
			"from": [3.75, 0.6, 6.5],
			"to": [5.8, 2, 8],
			"rotation": {"angle": 0, "axis": "z", "origin": [1.75, 1.75, 7.25]},
			"faces": {
				"north": {"uv": [0, 13, 3, 15], "texture": "#0"},
				"east": {"uv": [0, 13, 3, 15], "texture": "#0"},
				"south": {"uv": [0, 13, 3, 15], "texture": "#0"},
				"west": {"uv": [0, 13, 3, 15], "texture": "#0"},
				"up": {"uv": [0, 13, 3, 15], "texture": "#0"},
				"down": {"uv": [0, 13, 3, 15], "texture": "#0"}
			}
		},
		{
			"from": [4.825, 1.525, 6.5001],
			"to": [5.975, 3.575, 8.0001],
			"rotation": {"angle": -45, "axis": "z", "origin": [4.775, 1.3, 7.25]},
			"faces": {
				"north": {"uv": [0, 13, 4, 15], "rotation": 90, "texture": "#0"},
				"east": {"uv": [0, 13, 4, 15], "rotation": 270, "texture": "#0"},
				"south": {"uv": [0, 13, 4, 15], "rotation": 270, "texture": "#0"},
				"west": {"uv": [0, 13, 4, 15], "rotation": 270, "texture": "#0"},
				"up": {"uv": [0, 13, 3, 15], "rotation": 270, "texture": "#0"},
				"down": {"uv": [0, 13, 3, 15], "rotation": 270, "texture": "#0"}
			}
		},
		{
			"from": [4, -0.1875, 6.9375],
			"to": [5.625, 1, 7.5625],
			"rotation": {"angle": 0, "axis": "z", "origin": [2.25, 0.75, 7.25]},
			"faces": {
				"north": {"uv": [8, 4, 13, 8], "texture": "#0"},
				"east": {"uv": [10, 4, 13, 8], "texture": "#0"},
				"south": {"uv": [8, 4, 13, 8], "texture": "#0"},
				"west": {"uv": [10, 4, 13, 8], "texture": "#0"},
				"up": {"uv": [10, 5, 13, 8], "texture": "#0"},
				"down": {"uv": [10, 5, 13, 8], "texture": "#0"}
			}
		},
		{
			"from": [3.9375, -0.375, 6.875],
			"to": [5.6875, -0.1875, 7.625],
			"rotation": {"angle": 0, "axis": "z", "origin": [2.25, -0.4375, 7.25]},
			"faces": {
				"north": {"uv": [8, 7, 13, 8], "texture": "#0"},
				"east": {"uv": [10, 7, 13, 8], "texture": "#0"},
				"south": {"uv": [8, 7, 13, 8], "texture": "#0"},
				"west": {"uv": [10, 7, 13, 8], "texture": "#0"},
				"up": {"uv": [10, 5, 13, 8], "texture": "#0"},
				"down": {"uv": [8, 5, 13, 8], "texture": "#0"}
			}
		},
		{
			"from": [3, 3, 6.5],
			"to": [5, 3.25, 8],
			"rotation": {"angle": 0, "axis": "z", "origin": [3.75, 2.75, 7.25]},
			"faces": {
				"north": {"uv": [11, 9, 15, 10], "texture": "#0"},
				"east": {"uv": [11, 8, 13, 9], "texture": "#0"},
				"south": {"uv": [12, 8, 16, 9], "texture": "#0"},
				"west": {"uv": [14, 8, 16, 9], "texture": "#0"},
				"up": {"uv": [11, 8, 16, 10], "texture": "#0"},
				"down": {"uv": [11, 8, 16, 10], "texture": "#0"}
			}
		},
		{
			"from": [3, 3.25, 7],
			"to": [5, 4, 7.5],
			"rotation": {"angle": 0, "axis": "z", "origin": [3.75, 3.75, 7.25]},
			"faces": {
				"north": {"uv": [11, 8, 16, 10], "texture": "#0"},
				"east": {"uv": [0, 0, 3, 2], "texture": "#0"},
				"south": {"uv": [11, 8, 16, 10], "texture": "#0"},
				"west": {"uv": [13, 8, 16, 10], "texture": "#0"},
				"up": {"uv": [11, 8, 16, 10], "texture": "#0"},
				"down": {"uv": [11, 8, 16, 10], "texture": "#0"}
			}
		},
		{
			"from": [5, 3.1875, 6.75],
			"to": [7, 4.1875, 7.75],
			"rotation": {"angle": 0, "axis": "y", "origin": [6.25, 3.6875, 7.25]},
			"faces": {
				"north": {"uv": [11, 8, 16, 10], "texture": "#0"},
				"east": {"uv": [4, 9, 8, 13], "texture": "#0"},
				"south": {"uv": [11, 8, 16, 10], "texture": "#0"},
				"west": {"uv": [11, 8, 15, 12], "texture": "#0"},
				"up": {"uv": [11, 8, 16, 10], "rotation": 180, "texture": "#0"},
				"down": {"uv": [11, 8, 16, 10], "rotation": 180, "texture": "#0"}
			}
		},
		{
			"from": [1, 3.3125, 6.875],
			"to": [3, 4.0625, 7.625],
			"rotation": {"angle": 0, "axis": "y", "origin": [2.25, 3.6875, 7.25]},
			"faces": {
				"north": {"uv": [12, 8, 16, 10], "texture": "#0"},
				"east": {"uv": [13, 8, 16, 10], "texture": "#0"},
				"south": {"uv": [12, 8, 16, 10], "texture": "#0"},
				"west": {"uv": [4, 9, 8, 13], "texture": "#0"},
				"up": {"uv": [12, 8, 16, 10], "rotation": 180, "texture": "#0"},
				"down": {"uv": [12, 8, 16, 10], "rotation": 180, "texture": "#0"}
			}
		},
		{
			"from": [-2.75, 2.05, 6.7],
			"to": [1.4, 3, 7.8],
			"rotation": {"angle": 0, "axis": "z", "origin": [-9.25, 1.75, 7.25]},
			"faces": {
				"north": {"uv": [0, 0, 5, 2], "texture": "#0"},
				"east": {"uv": [0, 0, 3, 2], "texture": "#0"},
				"south": {"uv": [0, 0, 5, 2], "texture": "#0"},
				"west": {"uv": [0, 0, 3, 2], "texture": "#0"},
				"up": {"uv": [0, 0, 5, 3], "texture": "#0"},
				"down": {"uv": [0, 0, 5, 3], "texture": "#0"}
			}
		},
		{
			"from": [-3.5, 1.25, 6.7001],
			"to": [-2.75, 3, 7.8001],
			"rotation": {"angle": 0, "axis": "z", "origin": [-9.25, 1.75, 7.25]},
			"faces": {
				"north": {"uv": [15, 8, 16, 10], "texture": "#0"},
				"east": {"uv": [0, 0, 2.25, 3], "texture": "#0"},
				"south": {"uv": [0, 0, 1, 2], "texture": "#0"},
				"west": {"uv": [0, 0, 2.25, 3], "texture": "#0"},
				"up": {"uv": [0, 0, 1.25, 2], "texture": "#0"},
				"down": {"uv": [0, 0, 1.25, 2], "texture": "#0"}
			}
		},
		{
			"from": [-3.45, 1.3, 6.7],
			"to": [1.6, 1.75, 7.8],
			"rotation": {"angle": -22.5, "axis": "z", "origin": [-3.375, 1.125, 7.25]},
			"faces": {
				"north": {"uv": [0, 0, 1, 9.25], "rotation": 90, "texture": "#0"},
				"east": {"uv": [1, 3, 2, 5], "rotation": 270, "texture": "#0"},
				"south": {"uv": [0, 0, 1, 9.25], "rotation": 270, "texture": "#0"},
				"west": {"uv": [0, 0, 1, 9.25], "rotation": 270, "texture": "#0"},
				"up": {"uv": [0, 0, 1, 9.25], "rotation": 270, "texture": "#0"},
				"down": {"uv": [0, 0, 1, 9.25], "rotation": 270, "texture": "#0"}
			}
		},
		{
			"name": "octagon",
			"from": [17, 2.04289, 6.75],
			"to": [19, 2.45711, 7],
			"rotation": {"angle": 45, "axis": "x", "origin": [12.75, 2.25, 7.25]},
			"faces": {
				"north": {"uv": [0, 14, 1, 15], "texture": "#0"},
				"east": {"uv": [0, 14, 1, 15], "texture": "#0"},
				"south": {"uv": [0, 14, 1, 15], "texture": "#0"},
				"west": {"uv": [0, 14, 1, 15], "texture": "#0"},
				"up": {"uv": [0, 14, 1, 15], "texture": "#0"},
				"down": {"uv": [0, 14, 1, 15], "texture": "#0"}
			}
		},
		{
			"name": "octagon",
			"from": [17, 2.04289, 6.75],
			"to": [19, 2.45711, 7],
			"rotation": {"angle": 0, "axis": "x", "origin": [12.75, 2.25, 7.25]},
			"faces": {
				"north": {"uv": [0, 14, 1, 15], "texture": "#0"},
				"east": {"uv": [0, 14, 1, 15], "texture": "#0"},
				"south": {"uv": [0, 14, 1, 15], "texture": "#0"},
				"west": {"uv": [0, 14, 1, 15], "texture": "#0"},
				"up": {"uv": [0, 14, 1, 15], "texture": "#0"},
				"down": {"uv": [0, 14, 1, 15], "texture": "#0"}
			}
		},
		{
			"name": "octagon",
			"from": [17, 2.04289, 7.5],
			"to": [19, 2.45711, 7.75],
			"rotation": {"angle": 45, "axis": "x", "origin": [12.75, 2.25, 7.25]},
			"faces": {
				"north": {"uv": [0, 14, 1, 15], "texture": "#0"},
				"east": {"uv": [0, 14, 1, 15], "texture": "#0"},
				"south": {"uv": [0, 14, 1, 15], "texture": "#0"},
				"west": {"uv": [0, 14, 1, 15], "texture": "#0"},
				"up": {"uv": [0, 14, 1, 15], "texture": "#0"},
				"down": {"uv": [0, 14, 1, 15], "texture": "#0"}
			}
		},
		{
			"name": "octagon",
			"from": [17, 2.04289, 7.5],
			"to": [19, 2.45711, 7.75],
			"rotation": {"angle": 0, "axis": "x", "origin": [12.75, 2.25, 7.25]},
			"faces": {
				"north": {"uv": [0, 14, 1, 15], "texture": "#0"},
				"east": {"uv": [0, 14, 1, 15], "texture": "#0"},
				"south": {"uv": [0, 14, 1, 15], "texture": "#0"},
				"west": {"uv": [0, 14, 1, 15], "texture": "#0"},
				"up": {"uv": [0, 14, 1, 15], "texture": "#0"},
				"down": {"uv": [0, 14, 1, 15], "texture": "#0"}
			}
		},
		{
			"name": "octagon",
			"from": [17, 1.75, 7.04289],
			"to": [19, 2, 7.45711],
			"rotation": {"angle": 45, "axis": "x", "origin": [12.75, 2.25, 7.25]},
			"faces": {
				"north": {"uv": [0, 14, 1, 15], "texture": "#0"},
				"east": {"uv": [0, 14, 1, 15], "texture": "#0"},
				"south": {"uv": [0, 14, 1, 15], "texture": "#0"},
				"west": {"uv": [0, 14, 1, 15], "texture": "#0"},
				"up": {"uv": [0, 14, 1, 15], "texture": "#0"},
				"down": {"uv": [0, 14, 1, 15], "texture": "#0"}
			}
		},
		{
			"name": "octagon",
			"from": [17, 1.75, 7.04289],
			"to": [19, 2, 7.45711],
			"rotation": {"angle": 0, "axis": "x", "origin": [12.75, 2.25, 7.25]},
			"faces": {
				"north": {"uv": [0, 14, 1, 15], "texture": "#0"},
				"east": {"uv": [0, 14, 1, 15], "texture": "#0"},
				"south": {"uv": [0, 14, 1, 15], "texture": "#0"},
				"west": {"uv": [0, 14, 1, 15], "texture": "#0"},
				"up": {"uv": [0, 14, 1, 15], "texture": "#0"},
				"down": {"uv": [0, 14, 1, 15], "texture": "#0"}
			}
		},
		{
			"name": "octagon",
			"from": [17, 2.5, 7.04289],
			"to": [19, 2.75, 7.45711],
			"rotation": {"angle": 45, "axis": "x", "origin": [12.75, 2.25, 7.25]},
			"faces": {
				"north": {"uv": [0, 14, 1, 15], "texture": "#0"},
				"east": {"uv": [0, 14, 1, 15], "texture": "#0"},
				"south": {"uv": [0, 14, 1, 15], "texture": "#0"},
				"west": {"uv": [0, 14, 1, 15], "texture": "#0"},
				"up": {"uv": [0, 14, 1, 15], "texture": "#0"},
				"down": {"uv": [0, 14, 1, 15], "texture": "#0"}
			}
		},
		{
			"name": "octagon",
			"from": [17, 2.5, 7.04289],
			"to": [19, 2.75, 7.45711],
			"rotation": {"angle": 0, "axis": "x", "origin": [12.75, 2.25, 7.25]},
			"faces": {
				"north": {"uv": [0, 14, 1, 15], "texture": "#0"},
				"east": {"uv": [0, 14, 1, 15], "texture": "#0"},
				"south": {"uv": [0, 14, 1, 15], "texture": "#0"},
				"west": {"uv": [0, 14, 1, 15], "texture": "#0"},
				"up": {"uv": [0, 14, 1, 15], "texture": "#0"},
				"down": {"uv": [0, 14, 1, 15], "texture": "#0"}
			}
		},
		{
			"name": "octagon",
			"from": [6.375, 2.09467, 6.875],
			"to": [17.125, 2.40533, 7.125],
			"rotation": {"angle": 45, "axis": "x", "origin": [10.75, 2.25, 7.25]},
			"faces": {
				"north": {"uv": [0, 15, 1, 16], "texture": "#0"},
				"east": {"uv": [0, 15, 1, 16], "texture": "#0"},
				"south": {"uv": [0, 15, 1, 16], "texture": "#0"},
				"west": {"uv": [0, 15, 1, 16], "texture": "#0"},
				"up": {"uv": [0, 15, 1, 16], "texture": "#0"},
				"down": {"uv": [0, 15, 1, 16], "texture": "#0"}
			}
		},
		{
			"name": "octagon",
			"from": [6.375, 2.09467, 6.875],
			"to": [17.125, 2.40533, 7.125],
			"rotation": {"angle": 0, "axis": "x", "origin": [10.75, 2.25, 7.25]},
			"faces": {
				"north": {"uv": [0, 15, 1, 16], "texture": "#0"},
				"east": {"uv": [0, 15, 1, 16], "texture": "#0"},
				"south": {"uv": [0, 15, 1, 16], "texture": "#0"},
				"west": {"uv": [0, 15, 1, 16], "texture": "#0"},
				"up": {"uv": [0, 15, 1, 16], "texture": "#0"},
				"down": {"uv": [0, 15, 1, 16], "texture": "#0"}
			}
		},
		{
			"name": "octagon",
			"from": [6.375, 2.09467, 7.375],
			"to": [17.125, 2.40533, 7.625],
			"rotation": {"angle": 45, "axis": "x", "origin": [10.75, 2.25, 7.25]},
			"faces": {
				"north": {"uv": [0, 15, 1, 16], "texture": "#0"},
				"east": {"uv": [0, 15, 1, 16], "texture": "#0"},
				"south": {"uv": [0, 15, 1, 16], "texture": "#0"},
				"west": {"uv": [0, 15, 1, 16], "texture": "#0"},
				"up": {"uv": [0, 15, 1, 16], "texture": "#0"},
				"down": {"uv": [0, 15, 1, 16], "texture": "#0"}
			}
		},
		{
			"name": "octagon",
			"from": [6.375, 2.09467, 7.375],
			"to": [17.125, 2.40533, 7.625],
			"rotation": {"angle": 0, "axis": "x", "origin": [10.75, 2.25, 7.25]},
			"faces": {
				"north": {"uv": [0, 15, 1, 16], "texture": "#0"},
				"east": {"uv": [0, 15, 1, 16], "texture": "#0"},
				"south": {"uv": [0, 15, 1, 16], "texture": "#0"},
				"west": {"uv": [0, 15, 1, 16], "texture": "#0"},
				"up": {"uv": [0, 15, 1, 16], "texture": "#0"},
				"down": {"uv": [0, 15, 1, 16], "texture": "#0"}
			}
		},
		{
			"name": "octagon",
			"from": [6.375, 1.875, 7.09467],
			"to": [17.125, 2.125, 7.40533],
			"rotation": {"angle": 45, "axis": "x", "origin": [10.75, 2.25, 7.25]},
			"faces": {
				"north": {"uv": [0, 15, 1, 16], "texture": "#0"},
				"east": {"uv": [0, 15, 1, 16], "texture": "#0"},
				"south": {"uv": [0, 15, 1, 16], "texture": "#0"},
				"west": {"uv": [0, 15, 1, 16], "texture": "#0"},
				"up": {"uv": [0, 15, 1, 16], "texture": "#0"},
				"down": {"uv": [0, 15, 1, 16], "texture": "#0"}
			}
		},
		{
			"name": "octagon",
			"from": [6.375, 1.875, 7.09467],
			"to": [17.125, 2.125, 7.40533],
			"rotation": {"angle": 0, "axis": "x", "origin": [10.75, 2.25, 7.25]},
			"faces": {
				"north": {"uv": [0, 15, 1, 16], "texture": "#0"},
				"east": {"uv": [0, 15, 1, 16], "texture": "#0"},
				"south": {"uv": [0, 15, 1, 16], "texture": "#0"},
				"west": {"uv": [0, 15, 1, 16], "texture": "#0"},
				"up": {"uv": [0, 15, 1, 16], "texture": "#0"},
				"down": {"uv": [0, 15, 1, 16], "texture": "#0"}
			}
		},
		{
			"name": "octagon",
			"from": [6.375, 2.375, 7.09467],
			"to": [17.125, 2.625, 7.40533],
			"rotation": {"angle": 45, "axis": "x", "origin": [10.75, 2.25, 7.25]},
			"faces": {
				"north": {"uv": [0, 15, 1, 16], "texture": "#0"},
				"east": {"uv": [0, 15, 1, 16], "texture": "#0"},
				"south": {"uv": [0, 15, 1, 16], "texture": "#0"},
				"west": {"uv": [0, 15, 1, 16], "texture": "#0"},
				"up": {"uv": [0, 15, 1, 16], "texture": "#0"},
				"down": {"uv": [0, 15, 1, 16], "texture": "#0"}
			}
		},
		{
			"name": "octagon",
			"from": [6.375, 2.375, 7.09467],
			"to": [17.125, 2.625, 7.40533],
			"rotation": {"angle": 0, "axis": "x", "origin": [10.75, 2.25, 7.25]},
			"faces": {
				"north": {"uv": [0, 15, 1, 16], "texture": "#0"},
				"east": {"uv": [0, 15, 1, 16], "texture": "#0"},
				"south": {"uv": [0, 15, 1, 16], "texture": "#0"},
				"west": {"uv": [0, 15, 1, 16], "texture": "#0"},
				"up": {"uv": [0, 15, 1, 16], "texture": "#0"},
				"down": {"uv": [0, 15, 1, 16], "texture": "#0"}
			}
		},
		{
			"name": "octagon",
			"from": [6.375, 1.99112, 6.625],
			"to": [11.625, 2.50888, 7.875],
			"rotation": {"angle": 45, "axis": "x", "origin": [11, 2.25, 7.25]},
			"faces": {
				"north": {"uv": [1, 15, 2, 16], "texture": "#0"},
				"east": {"uv": [1, 15, 2, 16], "texture": "#0"},
				"south": {"uv": [1, 15, 2, 16], "texture": "#0"},
				"west": {"uv": [1, 15, 2, 16], "texture": "#0"},
				"up": {"uv": [1, 15, 2, 16], "texture": "#0"},
				"down": {"uv": [1, 15, 2, 16], "texture": "#0"}
			}
		},
		{
			"name": "octagon",
			"from": [6.375, 1.99112, 6.625],
			"to": [11.625, 2.50888, 7.875],
			"rotation": {"angle": 0, "axis": "x", "origin": [11, 2.25, 7.25]},
			"faces": {
				"north": {"uv": [1, 15, 2, 16], "texture": "#0"},
				"east": {"uv": [1, 15, 2, 16], "texture": "#0"},
				"south": {"uv": [1, 15, 2, 16], "texture": "#0"},
				"west": {"uv": [1, 15, 2, 16], "texture": "#0"},
				"up": {"uv": [1, 15, 2, 16], "texture": "#0"},
				"down": {"uv": [1, 15, 2, 16], "texture": "#0"}
			}
		},
		{
			"name": "octagon",
			"from": [6.375, 1.625, 6.99112],
			"to": [11.625, 2.875, 7.50888],
			"rotation": {"angle": 45, "axis": "x", "origin": [11, 2.25, 7.25]},
			"faces": {
				"north": {"uv": [1, 15, 2, 16], "texture": "#0"},
				"east": {"uv": [1, 15, 2, 16], "texture": "#0"},
				"south": {"uv": [1, 15, 2, 16], "texture": "#0"},
				"west": {"uv": [1, 15, 2, 16], "texture": "#0"},
				"up": {"uv": [1, 15, 2, 16], "texture": "#0"},
				"down": {"uv": [1, 15, 2, 16], "texture": "#0"}
			}
		},
		{
			"name": "octagon",
			"from": [6.375, 1.625, 6.99112],
			"to": [11.625, 2.875, 7.50888],
			"rotation": {"angle": 0, "axis": "x", "origin": [11, 2.25, 7.25]},
			"faces": {
				"north": {"uv": [1, 15, 2, 16], "texture": "#0"},
				"east": {"uv": [1, 15, 2, 16], "texture": "#0"},
				"south": {"uv": [1, 15, 2, 16], "texture": "#0"},
				"west": {"uv": [1, 15, 2, 16], "texture": "#0"},
				"up": {"uv": [1, 15, 2, 16], "texture": "#0"},
				"down": {"uv": [1, 15, 2, 16], "texture": "#0"}
			}
		}
	],
	"gui_light": "front",
	"display": {
		"thirdperson_righthand": {
			"rotation": [0, 90, 0],
			"translation": [0.25, 7.5, -5],
			"scale": [1.25, 1.25, 1.25]
		},
		"thirdperson_lefthand": {
			"rotation": [-116, 0, 46],
			"translation": [-14.5, -6, 4.25],
			"scale": [1.5, 1.5, 1.5]
		},
		"firstperson_righthand": {
			"rotation": [0, 80.5, 0],
			"translation": [1.75, 11, -0.5],
			"scale": [1.5, 1.5, 1.5]
		},
		"ground": {
			"rotation": [90, 0, 0],
			"translation": [0, -4, 7.25],
			"scale": [1.25, 1.25, 1.25]
		},
		"gui": {
			"rotation": [26, 138, 0],
			"translation": [-0.5, 8.75, 0],
			"scale": [1.5, 1.5, 1.5]
		},
		"head": {
			"rotation": [0, 95, 0],
			"translation": [-6.25, 2.25, -2]
		},
		"fixed": {
			"translation": [2.5, 9.5, 0],
			"scale": [2, 2, 2]
		}
	},
	"groups": [
		0,
		1,
		2,
		3,
		4,
		5,
		6,
		7,
		8,
		9,
		10,
		11,
		12,
		13,
		14,
		15,
		{
			"name": "octagon",
			"origin": [8, 8, 8],
			"color": 0,
			"nbt": "{}",
			"armAnimationEnabled": false,
			"children": [16, 17, 18, 19, 20, 21, 22, 23]
		},
		{
			"name": "octagon",
			"origin": [8, 8, 8],
			"color": 0,
			"nbt": "{}",
			"armAnimationEnabled": false,
			"children": [24, 25, 26, 27, 28, 29, 30, 31]
		},
		{
			"name": "octagon",
			"origin": [8, 8, 8],
			"color": 0,
			"nbt": "{}",
			"armAnimationEnabled": false,
			"children": [32, 33, 34, 35]
		}
	]
}