{
	"credit": "Made with Blockbench",
	"textures": {
		"0": "laser_rifle",
		"particle": "laser_rifle"
	},
	"elements": [
		{
			"from": [7, 0, 1],
			"to": [9, 5.25, 3],
			"rotation": {"angle": 22.5, "axis": "x", "origin": [7.5, 0.5, 2.5]},
			"faces": {
				"north": {"uv": [0, 0, 2, 5.25], "texture": "#0"},
				"east": {"uv": [0, 0, 2, 5.25], "texture": "#0"},
				"south": {"uv": [0, 0, 2, 5.25], "texture": "#0"},
				"west": {"uv": [0, 0, 2, 5.25], "texture": "#0"},
				"up": {"uv": [0, 0, 2, 2], "texture": "#0"},
				"down": {"uv": [0, 0, 2, 2], "texture": "#0"}
			}
		},
		{
			"from": [7, -1.8375, 6.375],
			"to": [9, 2.25, 8.5],
			"rotation": {"angle": 22.5, "axis": "x", "origin": [7.5, 0.5, 14.875]},
			"faces": {
				"north": {"uv": [0, 5, 2, 9.1875], "texture": "#0"},
				"east": {"uv": [0, 5, 2.125, 9.1875], "texture": "#0"},
				"south": {"uv": [0, 5, 2, 9.1875], "texture": "#0"},
				"west": {"uv": [0, 5, 2.125, 9.1875], "texture": "#0"},
				"up": {"uv": [0, 5, 2, 7.125], "texture": "#0"},
				"down": {"uv": [0, 5, 2, 7.125], "texture": "#0"}
			}
		},
		{
			"from": [6.9375, 4.5391, 5.30343],
			"to": [9.0625, 6.5391, 17.92843],
			"rotation": {"angle": 0, "axis": "x", "origin": [8, 5.5391, 4.80343]},
			"faces": {
				"north": {"uv": [0, 0, 2.125, 2], "rotation": 180, "texture": "#0"},
				"east": {"uv": [0, 0, 2, 12.5], "rotation": 270, "texture": "#0"},
				"south": {"uv": [0, 0, 2.125, 2], "texture": "#0"},
				"west": {"uv": [0, 0, 2, 12.625], "rotation": 90, "texture": "#0"},
				"up": {"uv": [0, 0, 2.125, 12.625], "rotation": 180, "texture": "#0"},
				"down": {"uv": [0, 0, 2.125, 12.625], "texture": "#0"}
			}
		},
		{
			"from": [6.6875, 4.2891, 17.92843],
			"to": [9.3125, 6.7891, 20.05343],
			"rotation": {"angle": 0, "axis": "x", "origin": [8, 5.5391, 14.42843]},
			"faces": {
				"north": {"uv": [0, 0, 2.625, 2.5], "rotation": 180, "texture": "#0"},
				"east": {"uv": [0, 0, 2.5, 2.125], "rotation": 270, "texture": "#0"},
				"south": {"uv": [0, 0, 2.625, 2.5], "texture": "#0"},
				"west": {"uv": [0, 0, 2.5, 2.125], "rotation": 90, "texture": "#0"},
				"up": {"uv": [0, 0, 2.625, 2.125], "rotation": 180, "texture": "#0"},
				"down": {"uv": [0, 0, 2.625, 2.125], "texture": "#0"}
			}
		},
		{
			"from": [6.6875, 4.2891, 20.05343],
			"to": [9.3125, 4.7891, 20.92843],
			"rotation": {"angle": 0, "axis": "x", "origin": [8, 5.5391, 16.55343]},
			"faces": {
				"north": {"uv": [0, 0, 2.625, 0.5], "rotation": 180, "texture": "#0"},
				"east": {"uv": [0, 0, 0.5, 0.875], "rotation": 270, "texture": "#0"},
				"south": {"uv": [0, 0, 2.625, 0.5], "texture": "#0"},
				"west": {"uv": [0, 0, 0.5, 0.875], "rotation": 90, "texture": "#0"},
				"up": {"uv": [0, 0, 2.625, 0.875], "rotation": 180, "texture": "#0"},
				"down": {"uv": [0, 0, 2.625, 0.875], "texture": "#0"}
			}
		},
		{
			"from": [6.6875, 6.2891, 20.05343],
			"to": [9.3125, 6.7891, 20.92843],
			"rotation": {"angle": 0, "axis": "x", "origin": [8, 7.5391, 16.55343]},
			"faces": {
				"north": {"uv": [0, 0, 2.625, 0.5], "rotation": 180, "texture": "#0"},
				"east": {"uv": [0, 0, 0.5, 0.875], "rotation": 270, "texture": "#0"},
				"south": {"uv": [0, 0, 2.625, 0.5], "texture": "#0"},
				"west": {"uv": [0, 0, 0.5, 0.875], "rotation": 90, "texture": "#0"},
				"up": {"uv": [0, 0, 2.625, 0.875], "rotation": 180, "texture": "#0"},
				"down": {"uv": [0, 0, 2.625, 0.875], "texture": "#0"}
			}
		},
		{
			"from": [8.6875, 4.7891, 20.05343],
			"to": [9.3125, 6.2891, 20.92843],
			"rotation": {"angle": 0, "axis": "x", "origin": [8, 7.5391, 16.55343]},
			"faces": {
				"north": {"uv": [0, 0, 0.625, 1.5], "rotation": 180, "texture": "#0"},
				"east": {"uv": [0, 0, 1.5, 0.875], "rotation": 270, "texture": "#0"},
				"south": {"uv": [0, 0, 0.625, 1.5], "texture": "#0"},
				"west": {"uv": [0, 0, 1.5, 0.875], "rotation": 90, "texture": "#0"},
				"up": {"uv": [0, 0, 0.625, 0.875], "rotation": 180, "texture": "#0"},
				"down": {"uv": [0, 0, 0.625, 0.875], "texture": "#0"}
			}
		},
		{
			"from": [6.6875, 4.7891, 20.05343],
			"to": [7.3125, 6.2891, 20.92843],
			"rotation": {"angle": 0, "axis": "x", "origin": [6, 7.5391, 16.55343]},
			"faces": {
				"north": {"uv": [0, 0, 0.625, 1.5], "rotation": 180, "texture": "#0"},
				"east": {"uv": [0, 0, 1.5, 0.875], "rotation": 270, "texture": "#0"},
				"south": {"uv": [0, 0, 0.625, 1.5], "texture": "#0"},
				"west": {"uv": [0, 0, 1.5, 0.875], "rotation": 90, "texture": "#0"},
				"up": {"uv": [0, 0, 0.625, 0.875], "rotation": 180, "texture": "#0"},
				"down": {"uv": [0, 0, 0.625, 0.875], "texture": "#0"}
			}
		},
		{
			"from": [7.6875, 5.1641, 20.05343],
			"to": [8.3125, 5.7891, 20.67843],
			"rotation": {"angle": 0, "axis": "x", "origin": [8, 5.5391, 16.55343]},
			"faces": {
				"north": {"uv": [15, 0, 15.625, 0.625], "rotation": 180, "texture": "#0"},
				"east": {"uv": [15, 0, 15.625, 0.625], "rotation": 270, "texture": "#0"},
				"south": {"uv": [15, 0, 15.625, 0.625], "texture": "#0"},
				"west": {"uv": [15, 0, 15.625, 0.625], "rotation": 90, "texture": "#0"},
				"up": {"uv": [15, 0, 15.625, 0.625], "rotation": 180, "texture": "#0"},
				"down": {"uv": [15, 0, 15.625, 0.625], "texture": "#0"}
			}
		},
		{
			"from": [6.6875, 4.2891, -0.19657],
			"to": [9.3125, 6.7891, 5.36593],
			"rotation": {"angle": 0, "axis": "x", "origin": [8, 5.5391, 1.80343]},
			"faces": {
				"north": {"uv": [0, 0, 2.625, 2.5], "rotation": 180, "texture": "#0"},
				"east": {"uv": [0, 0, 3, 5.8125], "rotation": 270, "texture": "#0"},
				"south": {"uv": [0, 0, 2.625, 2.5], "texture": "#0"},
				"west": {"uv": [0, 0, 3, 5.75], "rotation": 90, "texture": "#0"},
				"up": {"uv": [0, 0, 2.875, 5.8125], "rotation": 180, "texture": "#0"},
				"down": {"uv": [0, 0, 2.875, 5.8125], "texture": "#0"}
			}
		},
		{
			"from": [7.4375, 3.2891, 3.74093],
			"to": [8.5625, 4.2891, 5.05343],
			"rotation": {"angle": 0, "axis": "x", "origin": [8, 4.5391, 5.80343]},
			"faces": {
				"north": {"uv": [6, 0, 7.125, 1], "rotation": 180, "texture": "#0"},
				"east": {"uv": [6, 0, 7, 1.313], "rotation": 270, "texture": "#0"},
				"south": {"uv": [6, 0, 7.125, 1], "texture": "#0"},
				"west": {"uv": [6, 0, 7, 1.313], "rotation": 90, "texture": "#0"},
				"up": {"uv": [6, 0, 7.125, 1.313], "rotation": 180, "texture": "#0"},
				"down": {"uv": [6, 0, 7.125, 1.313], "texture": "#0"}
			}
		},
		{
			"from": [7.375, 2.9766, 3.74093],
			"to": [8.625, 3.2891, 5.30343],
			"rotation": {"angle": 0, "axis": "x", "origin": [8, 3.5391, 5.80343]},
			"faces": {
				"north": {"uv": [6, 0, 7.25, 0.313], "rotation": 180, "texture": "#0"},
				"east": {"uv": [6, 0, 6.313, 1.563], "rotation": 270, "texture": "#0"},
				"south": {"uv": [6, 0, 7.25, 0.313], "texture": "#0"},
				"west": {"uv": [6, 0, 6.313, 1.563], "rotation": 90, "texture": "#0"},
				"up": {"uv": [6, 0, 7.25, 1.563], "rotation": 180, "texture": "#0"},
				"down": {"uv": [6, 0, 7.25, 1.563], "texture": "#0"}
			}
		},
		{
			"from": [6.9375, 0.7891, 8.05343],
			"to": [9.0625, 4.5391, 9.80343],
			"rotation": {"angle": 0, "axis": "x", "origin": [7.75, 3.2891, 10.30343]},
			"faces": {
				"north": {"uv": [0, 0, 2.125, 2], "rotation": 180, "texture": "#0"},
				"east": {"uv": [0, 0, 4, 2], "rotation": 270, "texture": "#0"},
				"south": {"uv": [0, 0, 2.125, 2], "texture": "#0"},
				"west": {"uv": [0, 0, 4, 2], "rotation": 90, "texture": "#0"},
				"up": {"uv": [0, 0, 2.125, 1], "rotation": 180, "texture": "#0"},
				"down": {"uv": [0, 0, 2.125, 2], "texture": "#0"}
			}
		},
		{
			"from": [6.9375, 2.5391, 12.30343],
			"to": [9.0625, 4.5391, 13.30343],
			"rotation": {"angle": 0, "axis": "x", "origin": [7.75, 3.2891, 13.80343]},
			"faces": {
				"north": {"uv": [0, 0, 2.125, 2], "rotation": 180, "texture": "#0"},
				"east": {"uv": [0, 0, 2, 1], "rotation": 270, "texture": "#0"},
				"south": {"uv": [0, 0, 2.125, 2], "texture": "#0"},
				"west": {"uv": [0, 0, 2, 1], "rotation": 90, "texture": "#0"},
				"up": {"uv": [0, 0, 2.125, 1], "rotation": 180, "texture": "#0"},
				"down": {"uv": [0, 0, 2.125, 1], "texture": "#0"}
			}
		},
		{
			"from": [6.9375, 1.8391, 9.3],
			"to": [9.0625, 2.3391, 13.25],
			"rotation": {"angle": -22.5, "axis": "x", "origin": [8, 2.2891, 11.55343]},
			"faces": {
				"north": {"uv": [0, 0, 2.125, 2], "rotation": 180, "texture": "#0"},
				"east": {"uv": [0, 0, 1, 5], "rotation": 270, "texture": "#0"},
				"south": {"uv": [0, 0, 2.125, 2], "texture": "#0"},
				"west": {"uv": [0, 0, 1, 5], "rotation": 90, "texture": "#0"},
				"up": {"uv": [0, 0, 2.125, 1], "rotation": 180, "texture": "#0"},
				"down": {"uv": [0, 0, 2.125, 1], "texture": "#0"}
			}
		},
		{
			"from": [7.0375, 0.7891, 1.67843],
			"to": [8.9625, 1.7891, 8.05343],
			"rotation": {"angle": 0, "axis": "x", "origin": [8, 0.7891, 4.17843]},
			"faces": {
				"north": {"uv": [0, 0, 2.125, 1], "rotation": 180, "texture": "#0"},
				"east": {"uv": [0, 0, 1, 6], "rotation": 270, "texture": "#0"},
				"south": {"uv": [0, 0, 2.125, 1], "texture": "#0"},
				"west": {"uv": [0, 0, 1, 5.875], "rotation": 90, "texture": "#0"},
				"up": {"uv": [0, 0, 2.125, 5.875], "rotation": 180, "texture": "#0"},
				"down": {"uv": [0, 0, 2.125, 5.875], "texture": "#0"}
			}
		},
		{
			"name": "octagon",
			"from": [7.79289, 3.0625, 10],
			"to": [8.20711, 4.0625, 12.375],
			"rotation": {"angle": 45, "axis": "z", "origin": [8, 3.5625, 11]},
			"faces": {
				"north": {"uv": [10, 0, 11, 1], "texture": "#0"},
				"east": {"uv": [10, 0, 11, 1], "texture": "#0"},
				"south": {"uv": [10, 0, 11, 1], "texture": "#0"},
				"west": {"uv": [10, 0, 11, 1], "texture": "#0"},
				"up": {"uv": [10, 0, 11, 1], "texture": "#0"},
				"down": {"uv": [10, 0, 11, 1], "texture": "#0"}
			}
		},
		{
			"name": "octagon",
			"from": [7.79289, 3.0625, 10],
			"to": [8.20711, 4.0625, 12.375],
			"rotation": {"angle": 0, "axis": "z", "origin": [8, 3.5625, 11]},
			"faces": {
				"north": {"uv": [10, 0, 11, 1], "texture": "#0"},
				"east": {"uv": [10, 0, 11, 1], "texture": "#0"},
				"south": {"uv": [10, 0, 11, 1], "texture": "#0"},
				"west": {"uv": [10, 0, 11, 1], "texture": "#0"},
				"up": {"uv": [10, 0, 11, 1], "texture": "#0"},
				"down": {"uv": [10, 0, 11, 1], "texture": "#0"}
			}
		},
		{
			"name": "octagon",
			"from": [7.5, 3.35539, 10],
			"to": [8.5, 3.76961, 12.375],
			"rotation": {"angle": 45, "axis": "z", "origin": [8, 3.5625, 11]},
			"faces": {
				"north": {"uv": [10, 0, 11, 1], "texture": "#0"},
				"east": {"uv": [10, 0, 11, 1], "texture": "#0"},
				"south": {"uv": [10, 0, 11, 1], "texture": "#0"},
				"west": {"uv": [10, 0, 11, 1], "texture": "#0"},
				"up": {"uv": [10, 0, 11, 1], "texture": "#0"},
				"down": {"uv": [10, 0, 11, 1], "texture": "#0"}
			}
		},
		{
			"name": "octagon",
			"from": [7.5, 3.35539, 10],
			"to": [8.5, 3.76961, 12.375],
			"rotation": {"angle": 0, "axis": "z", "origin": [8, 3.5625, 11]},
			"faces": {
				"north": {"uv": [10, 0, 11, 1], "texture": "#0"},
				"east": {"uv": [10, 0, 11, 1], "texture": "#0"},
				"south": {"uv": [10, 0, 11, 1], "texture": "#0"},
				"west": {"uv": [10, 0, 11, 1], "texture": "#0"},
				"up": {"uv": [10, 0, 11, 1], "texture": "#0"},
				"down": {"uv": [10, 0, 11, 1], "texture": "#0"}
			}
		},
		{
			"name": "octagon",
			"from": [7.68934, 2.8125, 9.875],
			"to": [8.31066, 4.3125, 12.25],
			"rotation": {"angle": 45, "axis": "z", "origin": [8, 3.5625, 11]},
			"faces": {
				"north": {"uv": [11, 0, 12, 1], "texture": "#0"},
				"east": {"uv": [11, 0, 12, 1], "texture": "#0"},
				"south": {"uv": [11, 0, 12, 1], "texture": "#0"},
				"west": {"uv": [11, 0, 12, 1], "texture": "#0"},
				"up": {"uv": [11, 0, 12, 1], "texture": "#0"},
				"down": {"uv": [11, 0, 12, 1], "texture": "#0"}
			}
		},
		{
			"name": "octagon",
			"from": [7.68934, 2.8125, 9.875],
			"to": [8.31066, 4.3125, 12.25],
			"rotation": {"angle": 0, "axis": "z", "origin": [8, 3.5625, 11]},
			"faces": {
				"north": {"uv": [11, 0, 12, 1], "texture": "#0"},
				"east": {"uv": [11, 0, 12, 1], "texture": "#0"},
				"south": {"uv": [11, 0, 12, 1], "texture": "#0"},
				"west": {"uv": [11, 0, 12, 1], "texture": "#0"},
				"up": {"uv": [11, 0, 12, 1], "texture": "#0"},
				"down": {"uv": [11, 0, 12, 1], "texture": "#0"}
			}
		},
		{
			"name": "octagon",
			"from": [7.25, 3.25184, 9.875],
			"to": [8.75, 3.87316, 12.25],
			"rotation": {"angle": 45, "axis": "z", "origin": [8, 3.5625, 11]},
			"faces": {
				"north": {"uv": [11, 0, 12, 1], "texture": "#0"},
				"east": {"uv": [11, 0, 12, 1], "texture": "#0"},
				"south": {"uv": [11, 0, 12, 1], "texture": "#0"},
				"west": {"uv": [11, 0, 12, 1], "texture": "#0"},
				"up": {"uv": [11, 0, 12, 1], "texture": "#0"},
				"down": {"uv": [11, 0, 12, 1], "texture": "#0"}
			}
		},
		{
			"name": "octagon",
			"from": [7.25, 3.25184, 9.875],
			"to": [8.75, 3.87316, 12.25],
			"rotation": {"angle": 0, "axis": "z", "origin": [8, 3.5625, 11]},
			"faces": {
				"north": {"uv": [11, 0, 12, 1], "texture": "#0"},
				"east": {"uv": [11, 0, 12, 1], "texture": "#0"},
				"south": {"uv": [11, 0, 12, 1], "texture": "#0"},
				"west": {"uv": [11, 0, 12, 1], "texture": "#0"},
				"up": {"uv": [11, 0, 12, 1], "texture": "#0"},
				"down": {"uv": [11, 0, 12, 1], "texture": "#0"}
			}
		},
		{
			"name": "octagon",
			"from": [7.58579, 2.5625, 10],
			"to": [8.41421, 4.5625, 12],
			"rotation": {"angle": 45, "axis": "z", "origin": [8, 3.5625, 11]},
			"faces": {
				"north": {"uv": [15, 0, 16, 1], "texture": "#0"},
				"east": {"uv": [12, 0, 15, 1], "texture": "#0"},
				"south": {"uv": [15, 0, 16, 1], "texture": "#0"},
				"west": {"uv": [12, 0, 15, 1], "texture": "#0"},
				"up": {"uv": [14, 0, 15, 3], "texture": "#0"},
				"down": {"uv": [14, 0, 15, 3], "texture": "#0"}
			}
		},
		{
			"name": "octagon",
			"from": [7.58579, 2.5625, 10],
			"to": [8.41421, 4.5625, 12],
			"rotation": {"angle": 0, "axis": "z", "origin": [8, 3.5625, 11]},
			"faces": {
				"north": {"uv": [15, 0, 16, 1], "texture": "#0"},
				"east": {"uv": [12, 0, 15, 1], "texture": "#0"},
				"south": {"uv": [15, 0, 16, 1], "texture": "#0"},
				"west": {"uv": [12, 0, 15, 1], "texture": "#0"},
				"up": {"uv": [14, 0, 15, 3], "texture": "#0"},
				"down": {"uv": [14, 0, 15, 3], "texture": "#0"}
			}
		},
		{
			"name": "octagon",
			"from": [7, 3.14829, 10],
			"to": [9, 3.97671, 12],
			"rotation": {"angle": 45, "axis": "z", "origin": [8, 3.5625, 11]},
			"faces": {
				"north": {"uv": [15, 0, 16, 1], "texture": "#0"},
				"east": {"uv": [12, 0, 15, 1], "texture": "#0"},
				"south": {"uv": [15, 0, 16, 1], "texture": "#0"},
				"west": {"uv": [12, 0, 15, 1], "texture": "#0"},
				"up": {"uv": [14, 0, 15, 3], "texture": "#0"},
				"down": {"uv": [14, 0, 15, 3], "texture": "#0"}
			}
		},
		{
			"name": "octagon",
			"from": [7, 3.14829, 10],
			"to": [9, 3.97671, 12],
			"rotation": {"angle": 0, "axis": "z", "origin": [8, 3.5625, 11]},
			"faces": {
				"north": {"uv": [15, 0, 16, 1], "texture": "#0"},
				"east": {"uv": [12, 0, 15, 1], "texture": "#0"},
				"south": {"uv": [15, 0, 16, 1], "texture": "#0"},
				"west": {"uv": [12, 0, 15, 1], "texture": "#0"},
				"up": {"uv": [14, 0, 15, 3], "texture": "#0"},
				"down": {"uv": [14, 0, 15, 3], "texture": "#0"}
			}
		},
		{
			"name": "handel",
			"from": [7.1875, 3.5391, 12.40343],
			"to": [8.8125, 4.5391, 17.52843],
			"rotation": {"angle": 0, "axis": "y", "origin": [8, 3.5391, 5.30343]},
			"faces": {
				"north": {"uv": [4, 0, 5.625, 1], "rotation": 180, "texture": "#0"},
				"east": {"uv": [4, 0, 5, 5.125], "rotation": 270, "texture": "#0"},
				"south": {"uv": [4, 0, 5.625, 1], "texture": "#0"},
				"west": {"uv": [4, 0, 5, 5.125], "rotation": 90, "texture": "#0"},
				"up": {"uv": [4, 0, 5.625, 5.125], "rotation": 180, "texture": "#0"},
				"down": {"uv": [4, 0, 5.625, 5.125], "texture": "#0"}
			}
		}
	],
	"gui_light": "front",
	"display": {
		"thirdperson_righthand": {
			"rotation": [0, -180, 0],
			"translation": [0, 3.25, -2.5],
			"scale": [1.1, 1.1, 1.1]
		},
		"thirdperson_lefthand": {
			"rotation": [157, -140, 90],
			"translation": [-3.5, -6, 8.5]
		},
		"firstperson_righthand": {
			"rotation": [0, -180, 0],
			"translation": [-0.25, 6.5, 3]
		},
		"firstperson_lefthand": {
			"translation": [80, -5.25, 0]
		},
		"ground": {
			"rotation": [0, 0, 90],
			"translation": [-2, -3, -1.5],
			"scale": [0.75, 0.75, 0.75]
		},
		"gui": {
			"rotation": [21, -128, 0],
			"translation": [2.25, 2.75, 0]
		},
		"fixed": {
			"rotation": [0, 90, 0],
			"translation": [-1, 3.25, -0.25]
		}
	},
	"groups": [
		0,
		1,
		2,
		3,
		4,
		5,
		6,
		7,
		8,
		9,
		10,
		11,
		12,
		13,
		14,
		15,
		{
			"name": "group",
			"origin": [8, 8, 8],
			"color": 0,
			"nbt": "{}",
			"armAnimationEnabled": false,
			"children": [
				{
					"name": "octagon",
					"origin": [8, 8, 8],
					"color": 0,
					"nbt": "{}",
					"armAnimationEnabled": false,
					"children": [16, 17, 18, 19]
				},
				{
					"name": "octagon",
					"origin": [8, 8, 8],
					"color": 0,
					"nbt": "{}",
					"armAnimationEnabled": false,
					"children": [20, 21, 22, 23]
				},
				{
					"name": "octagon",
					"origin": [8, 8, 8],
					"color": 0,
					"nbt": "{}",
					"armAnimationEnabled": false,
					"children": [24, 25, 26, 27]
				}
			]
		},
		28
	]
}