{
	"credit": "Made with Blockbench",
	"texture_size": [32, 32],
	"textures": {
		"0": "equiptment/auto_turret",
		"particle": "equiptment/auto_turret"
	},
	"elements": [
		{
			"from": [4, 17, 4],
			"to": [12, 19, 12],
			"faces": {
				"north": {"uv": [12, 0, 16, 1], "texture": "#0"},
				"east": {"uv": [12, 0, 16, 1], "texture": "#0"},
				"south": {"uv": [12, 0, 16, 1], "texture": "#0"},
				"west": {"uv": [12, 0, 16, 1], "texture": "#0"},
				"up": {"uv": [12, 0, 16, 4], "texture": "#0"},
				"down": {"uv": [12, 0, 16, 4], "texture": "#0"}
			}
		},
		{
			"from": [4, 20, 4],
			"to": [12, 28, 12],
			"faces": {
				"north": {"uv": [9.25, 12.25, 13, 16], "texture": "#0"},
				"east": {"uv": [9.25, 12.25, 13, 16], "texture": "#0"},
				"south": {"uv": [9.25, 12.25, 13, 16], "texture": "#0"},
				"west": {"uv": [9.25, 12.25, 13, 16], "texture": "#0"},
				"up": {"uv": [9.25, 12.25, 13, 16], "texture": "#0"},
				"down": {"uv": [9.25, 12.25, 13, 16], "texture": "#0"}
			}
		},
		{
			"from": [6, 22, 1],
			"to": [10, 26, 4],
			"faces": {
				"north": {"uv": [14, 0, 16, 2], "texture": "#0"},
				"east": {"uv": [14.5, 0, 16, 2], "texture": "#0"},
				"south": {"uv": [14, 0, 16, 2], "texture": "#0"},
				"west": {"uv": [14.5, 0, 16, 2], "texture": "#0"},
				"up": {"uv": [14, 0, 16, 1.5], "texture": "#0"},
				"down": {"uv": [14, 0, 16, 1.5], "texture": "#0"}
			}
		},
		{
			"from": [8.75, 22.25, -4],
			"to": [9.75, 23.25, 1],
			"faces": {
				"north": {"uv": [15.5, 15.5, 16, 16], "texture": "#0"},
				"east": {"uv": [13.5, 15.5, 16, 16], "texture": "#0"},
				"south": {"uv": [15.5, 15.5, 16, 16], "texture": "#0"},
				"west": {"uv": [13.5, 15.5, 16, 16], "texture": "#0"},
				"up": {"uv": [15.5, 13.5, 16, 16], "texture": "#0"},
				"down": {"uv": [15.5, 13.5, 16, 16], "texture": "#0"}
			}
		},
		{
			"from": [6.25, 22.25, -4],
			"to": [7.25, 23.25, 1],
			"faces": {
				"north": {"uv": [15.5, 15.5, 16, 16], "texture": "#0"},
				"east": {"uv": [13.5, 15.5, 16, 16], "texture": "#0"},
				"south": {"uv": [15.5, 15.5, 16, 16], "texture": "#0"},
				"west": {"uv": [13.5, 15.5, 16, 16], "texture": "#0"},
				"up": {"uv": [15.5, 13.5, 16, 16], "texture": "#0"},
				"down": {"uv": [15.5, 13.5, 16, 16], "texture": "#0"}
			}
		},
		{
			"from": [8.75, 24.75, -4],
			"to": [9.75, 25.75, 1],
			"faces": {
				"north": {"uv": [15.5, 15.5, 16, 16], "texture": "#0"},
				"east": {"uv": [13.5, 15.5, 16, 16], "texture": "#0"},
				"south": {"uv": [15.5, 15.5, 16, 16], "texture": "#0"},
				"west": {"uv": [13.5, 15.5, 16, 16], "texture": "#0"},
				"up": {"uv": [15.5, 13.5, 16, 16], "texture": "#0"},
				"down": {"uv": [15.5, 13.5, 16, 16], "texture": "#0"}
			}
		},
		{
			"from": [6.25, 24.75, -4],
			"to": [7.25, 25.75, 1],
			"faces": {
				"north": {"uv": [15.5, 15.5, 16, 16], "texture": "#0"},
				"east": {"uv": [13.5, 15.5, 16, 16], "texture": "#0"},
				"south": {"uv": [15.5, 15.5, 16, 16], "texture": "#0"},
				"west": {"uv": [13.5, 15.5, 16, 16], "texture": "#0"},
				"up": {"uv": [15.5, 13.5, 16, 16], "texture": "#0"},
				"down": {"uv": [15.5, 13.5, 16, 16], "texture": "#0"}
			}
		},
		{
			"from": [6, 22, -3],
			"to": [10, 26, -2],
			"faces": {
				"north": {"uv": [14, 0, 16, 2], "texture": "#0"},
				"east": {"uv": [15.5, 0, 16, 2], "texture": "#0"},
				"south": {"uv": [14, 0, 16, 2], "texture": "#0"},
				"west": {"uv": [15.5, 0, 16, 2], "texture": "#0"},
				"up": {"uv": [14, 0, 16, 0.5], "texture": "#0"},
				"down": {"uv": [14, 0, 16, 0.5], "texture": "#0"}
			}
		},
		{
			"from": [3, 18, 7],
			"to": [4, 24, 9],
			"faces": {
				"north": {"uv": [15.5, 0, 16, 3], "texture": "#0"},
				"east": {"uv": [15, 0, 16, 3], "texture": "#0"},
				"south": {"uv": [15.5, 0, 16, 3], "texture": "#0"},
				"west": {"uv": [15, 0, 16, 3], "texture": "#0"},
				"up": {"uv": [15.5, 0, 16, 1], "texture": "#0"},
				"down": {"uv": [15.5, 0, 16, 1], "texture": "#0"}
			}
		},
		{
			"from": [12, 18, 7],
			"to": [13, 25, 9],
			"faces": {
				"north": {"uv": [15.5, 0, 16, 3.5], "texture": "#0"},
				"east": {"uv": [15, 0, 16, 3.5], "texture": "#0"},
				"south": {"uv": [15.5, 0, 16, 3.5], "texture": "#0"},
				"west": {"uv": [15, 0, 16, 3.5], "texture": "#0"},
				"up": {"uv": [15.5, 0, 16, 1], "texture": "#0"},
				"down": {"uv": [15.5, 0, 16, 1], "texture": "#0"}
			}
		}
	],
	"display": {
		"thirdperson_righthand": {
			"rotation": [75, 45, 0],
			"translation": [0, 2.5, 0],
			"scale": [0.375, 0.375, 0.375]
		},
		"thirdperson_lefthand": {
			"rotation": [75, 45, 0],
			"translation": [0, 2.5, 0],
			"scale": [0.375, 0.375, 0.375]
		},
		"firstperson_righthand": {
			"rotation": [0, 45, 0],
			"translation": [2, 0, 0],
			"scale": [0.4, 0.4, 0.4]
		},
		"firstperson_lefthand": {
			"rotation": [0, 225, 0],
			"translation": [1.75, 0, 0],
			"scale": [0.4, 0.4, 0.4]
		},
		"ground": {
			"scale": [0.5, 0.5, 0.5]
		},
		"gui": {
			"rotation": [25, 117, 0],
			"translation": [0.25, -2.25, 0],
			"scale": [0.5, 0.5, 0.5]
		},
		"head": {
			"translation": [0, -31, 0],
			"scale": [1.5, 1.5, 1.5]
		},
		"fixed": {
			"translation": [0, -2.5, 0],
			"scale": [0.5, 0.5, 0.5]
		}
	}
}