{
	"credit": "Made with Blockbench",
	"textures": {
		"0": "assault_rifle",
		"particle": "assault_rifle"
	},
	"elements": [
		{
			"from": [2.25, 4, 6.25],
			"to": [4.75, 10, 8.75],
			"rotation": {"angle": -22.5, "axis": "z", "origin": [3.5, 7, 7.5]},
			"faces": {
				"north": {"uv": [0, 0, 3, 6], "texture": "#0"},
				"east": {"uv": [0, 0, 3, 6], "texture": "#0"},
				"south": {"uv": [0, 0, 3, 6], "texture": "#0"},
				"west": {"uv": [0, 0, 3, 6], "texture": "#0"},
				"up": {"uv": [0, 0, 3, 3], "texture": "#0"},
				"down": {"uv": [0, 0, 3, 3], "texture": "#0"}
			}
		},
		{
			"from": [4.375, 6, 6.5],
			"to": [7.025, 7, 8.5],
			"rotation": {"angle": 0, "axis": "z", "origin": [6.125, 6.5, 7.5]},
			"faces": {
				"north": {"uv": [0, 0, 1, 2], "rotation": 270, "texture": "#0"},
				"east": {"uv": [0, 0, 1, 2], "rotation": 90, "texture": "#0"},
				"south": {"uv": [0, 0, 1, 2], "rotation": 90, "texture": "#0"},
				"west": {"uv": [0, 0, 1, 2], "rotation": 90, "texture": "#0"},
				"up": {"uv": [0, 0, 2, 2], "rotation": 90, "texture": "#0"},
				"down": {"uv": [0, 0, 2, 2], "rotation": 90, "texture": "#0"}
			}
		},
		{
			"from": [7, 5.975, 6.5],
			"to": [8, 9.5, 8.5],
			"rotation": {"angle": 0, "axis": "z", "origin": [7.5, 8.5, 7.5]},
			"faces": {
				"north": {"uv": [0, 0, 1, 2.125], "texture": "#0"},
				"east": {"uv": [0, 0, 2, 2.125], "texture": "#0"},
				"south": {"uv": [0, 0, 1, 2.125], "texture": "#0"},
				"west": {"uv": [0, 0, 2, 2.125], "texture": "#0"},
				"up": {"uv": [0, 0, 1, 2], "texture": "#0"},
				"down": {"uv": [0, 0, 1, 2], "texture": "#0"}
			}
		},
		{
			"from": [5, 8, 6.75],
			"to": [6.25, 9, 8],
			"rotation": {"angle": 0, "axis": "y", "origin": [13, 11, 14]},
			"faces": {
				"north": {"uv": [15.25, 8, 16, 9], "texture": "#0"},
				"east": {"uv": [14.75, 8, 16, 9], "texture": "#0"},
				"south": {"uv": [15.25, 8, 16, 9], "texture": "#0"},
				"west": {"uv": [14.75, 8, 16, 9], "texture": "#0"},
				"up": {"uv": [15.25, 8, 16, 9.25], "texture": "#0"},
				"down": {"uv": [15.25, 8, 16, 9.25], "texture": "#0"}
			}
		},
		{
			"from": [8.25, 3.75, 6.85],
			"to": [11, 6, 8.1],
			"rotation": {"angle": 0, "axis": "y", "origin": [18, 11, 14]},
			"faces": {
				"north": {"uv": [8.25, 0, 11, 2.25], "texture": "#0"},
				"east": {"uv": [8.25, 0, 9.5, 2.25], "texture": "#0"},
				"south": {"uv": [8.25, 0, 11, 2.25], "texture": "#0"},
				"west": {"uv": [8.25, 0, 9.5, 2.25], "texture": "#0"},
				"up": {"uv": [0, 1, 1.5, 3.25], "texture": "#0"},
				"down": {"uv": [1, 3, 2.5, 5.25], "texture": "#0"}
			}
		},
		{
			"from": [8, 3.25, 6.6],
			"to": [11.25, 3.75, 8.35],
			"rotation": {"angle": 0, "axis": "y", "origin": [18, 11, 14]},
			"faces": {
				"north": {"uv": [0, 0, 1.5, 1.25], "texture": "#0"},
				"east": {"uv": [4, 3, 5.25, 4.25], "texture": "#0"},
				"south": {"uv": [4, 0, 5.5, 1.25], "texture": "#0"},
				"west": {"uv": [10, 1, 11.25, 2.25], "texture": "#0"},
				"up": {"uv": [6, 1, 6.5, 2.25], "texture": "#0"},
				"down": {"uv": [8, 1, 9.5, 2.25], "texture": "#0"}
			}
		},
		{
			"from": [7.8, 5.95, 6.251],
			"to": [11.8, 9.2, 8.751],
			"rotation": {"angle": 0, "axis": "y", "origin": [11, 17, 14]},
			"faces": {
				"north": {"uv": [0, 13.25, 4, 16], "texture": "#0"},
				"east": {"uv": [8, 13.25, 10.5, 16], "texture": "#0"},
				"south": {"uv": [0, 13.25, 4, 16], "texture": "#0"},
				"west": {"uv": [13, 14, 16, 15.5], "texture": "#0"},
				"up": {"uv": [0, 7, 16, 10], "texture": "#0"},
				"down": {"uv": [0, 13, 4, 16], "texture": "#0"}
			}
		},
		{
			"from": [22.75, 11.2, 7.25],
			"to": [23.8125, 11.7625, 7.75],
			"rotation": {"angle": 0, "axis": "y", "origin": [11, 19.5, 14]},
			"faces": {
				"north": {"uv": [14, 3, 14.813, 3.875], "texture": "#0"},
				"east": {"uv": [15, 2, 15.5, 2.875], "texture": "#0"},
				"south": {"uv": [14, 3, 14.813, 3.875], "texture": "#0"},
				"west": {"uv": [15, 3, 15.5, 3.875], "texture": "#0"},
				"up": {"uv": [14, 4, 14.813, 4.5], "texture": "#0"},
				"down": {"uv": [14, 2, 14.813, 2.5], "texture": "#0"}
			}
		},
		{
			"name": "octagon",
			"from": [17.5, 9.83579, 6.5],
			"to": [24.5, 10.66421, 7.1],
			"rotation": {"angle": 45, "axis": "x", "origin": [21, 10.25, 7.5]},
			"faces": {
				"north": {"uv": [11, 15, 16, 16], "texture": "#0"},
				"east": {"uv": [15, 13, 16, 14], "texture": "#0"},
				"south": {"uv": [11, 14, 16, 15], "texture": "#0"},
				"west": {"uv": [6, 13, 11, 14], "texture": "#0"},
				"up": {"uv": [6, 14, 11, 15], "texture": "#0"},
				"down": {"uv": [6, 15, 11, 16], "texture": "#0"}
			}
		},
		{
			"name": "octagon",
			"from": [17.5, 9.83579, 6.5],
			"to": [24.5, 10.66421, 7.1],
			"rotation": {"angle": 0, "axis": "x", "origin": [21, 10.25, 7.5]},
			"faces": {
				"north": {"uv": [11, 15, 16, 16], "texture": "#0"},
				"east": {"uv": [15, 13, 16, 14], "texture": "#0"},
				"south": {"uv": [11, 14, 16, 15], "texture": "#0"},
				"west": {"uv": [6, 13, 11, 14], "texture": "#0"},
				"up": {"uv": [6, 14, 11, 15], "texture": "#0"},
				"down": {"uv": [6, 15, 11, 16], "texture": "#0"}
			}
		},
		{
			"name": "octagon",
			"from": [17.5, 9.83579, 7.9],
			"to": [24.5, 10.66421, 8.5],
			"rotation": {"angle": 45, "axis": "x", "origin": [21, 10.25, 7.5]},
			"faces": {
				"north": {"uv": [11, 15, 16, 16], "texture": "#0"},
				"east": {"uv": [15, 13, 16, 14], "texture": "#0"},
				"south": {"uv": [11, 14, 16, 15], "texture": "#0"},
				"west": {"uv": [6, 13, 11, 14], "texture": "#0"},
				"up": {"uv": [6, 14, 11, 15], "texture": "#0"},
				"down": {"uv": [6, 15, 11, 16], "texture": "#0"}
			}
		},
		{
			"name": "octagon",
			"from": [17.5, 9.83579, 7.9],
			"to": [24.5, 10.66421, 8.5],
			"rotation": {"angle": 0, "axis": "x", "origin": [21, 10.25, 7.5]},
			"faces": {
				"north": {"uv": [11, 15, 16, 16], "texture": "#0"},
				"east": {"uv": [15, 13, 16, 14], "texture": "#0"},
				"south": {"uv": [11, 14, 16, 15], "texture": "#0"},
				"west": {"uv": [6, 13, 11, 14], "texture": "#0"},
				"up": {"uv": [6, 14, 11, 15], "texture": "#0"},
				"down": {"uv": [6, 15, 11, 16], "texture": "#0"}
			}
		},
		{
			"name": "octagon",
			"from": [17.5, 9.25, 7.08579],
			"to": [24.5, 9.85, 7.91421],
			"rotation": {"angle": 45, "axis": "x", "origin": [21, 10.25, 7.5]},
			"faces": {
				"north": {"uv": [11, 15, 16, 16], "texture": "#0"},
				"east": {"uv": [15, 13, 16, 14], "texture": "#0"},
				"south": {"uv": [11, 14, 16, 15], "texture": "#0"},
				"west": {"uv": [6, 13, 11, 14], "texture": "#0"},
				"up": {"uv": [6, 14, 11, 15], "texture": "#0"},
				"down": {"uv": [6, 15, 11, 16], "texture": "#0"}
			}
		},
		{
			"name": "octagon",
			"from": [17.5, 9.25, 7.08579],
			"to": [24.5, 9.85, 7.91421],
			"rotation": {"angle": 0, "axis": "x", "origin": [21, 10.25, 7.5]},
			"faces": {
				"north": {"uv": [11, 15, 16, 16], "texture": "#0"},
				"east": {"uv": [15, 13, 16, 14], "texture": "#0"},
				"south": {"uv": [11, 14, 16, 15], "texture": "#0"},
				"west": {"uv": [6, 13, 11, 14], "texture": "#0"},
				"up": {"uv": [6, 14, 11, 15], "texture": "#0"},
				"down": {"uv": [6, 15, 11, 16], "texture": "#0"}
			}
		},
		{
			"name": "octagon",
			"from": [17.5, 10.65, 7.08579],
			"to": [24.5, 11.25, 7.91421],
			"rotation": {"angle": 45, "axis": "x", "origin": [21, 10.25, 7.5]},
			"faces": {
				"north": {"uv": [11, 15, 16, 16], "texture": "#0"},
				"east": {"uv": [15, 13, 16, 14], "texture": "#0"},
				"south": {"uv": [11, 14, 16, 15], "texture": "#0"},
				"west": {"uv": [6, 13, 11, 14], "texture": "#0"},
				"up": {"uv": [6, 14, 11, 15], "texture": "#0"},
				"down": {"uv": [6, 15, 11, 16], "texture": "#0"}
			}
		},
		{
			"name": "octagon",
			"from": [17.5, 10.65, 7.08579],
			"to": [24.5, 11.25, 7.91421],
			"rotation": {"angle": 0, "axis": "x", "origin": [21, 10.25, 7.5]},
			"faces": {
				"north": {"uv": [11, 15, 16, 16], "texture": "#0"},
				"east": {"uv": [15, 13, 16, 14], "texture": "#0"},
				"south": {"uv": [11, 14, 16, 15], "texture": "#0"},
				"west": {"uv": [6, 13, 11, 14], "texture": "#0"},
				"up": {"uv": [6, 14, 11, 15], "texture": "#0"},
				"down": {"uv": [6, 15, 11, 16], "texture": "#0"}
			}
		},
		{
			"from": [3, 10.12, 6.2],
			"to": [18, 11.66, 7.2],
			"rotation": {"angle": 22.5, "axis": "x", "origin": [10.5, 10.75, 7]},
			"faces": {
				"north": {"uv": [0, 13, 16, 15.5], "texture": "#0"},
				"east": {"uv": [6, 13.5, 8, 16], "texture": "#0"},
				"south": {"uv": [0, 13, 16, 15.5], "texture": "#0"},
				"west": {"uv": [0, 13, 3, 15.5], "texture": "#0"},
				"up": {"uv": [0, 13, 16, 16], "texture": "#0"},
				"down": {"uv": [0, 13, 16, 16], "texture": "#0"}
			}
		},
		{
			"from": [2.999, 10, 6.6],
			"to": [17.999, 11.9, 8.45],
			"rotation": {"angle": 0, "axis": "y", "origin": [11, 17, 14]},
			"faces": {
				"north": {"uv": [0, 13, 16, 15.5], "texture": "#0"},
				"east": {"uv": [0, 14.5, 2, 16], "texture": "#0"},
				"south": {"uv": [0, 13, 16, 15.5], "texture": "#0"},
				"west": {"uv": [0, 13, 3, 15.5], "texture": "#0"},
				"up": {"uv": [0, 13, 16, 16], "texture": "#0"},
				"down": {"uv": [0, 13, 16, 16], "texture": "#0"}
			}
		},
		{
			"from": [3, 10.34183, 8.10886],
			"to": [18, 11.84183, 9.10886],
			"rotation": {"angle": -22.5, "axis": "x", "origin": [10.5, 10.19183, 8.60886]},
			"faces": {
				"north": {"uv": [0, 13, 16, 15.5], "texture": "#0"},
				"east": {"uv": [6, 14.5, 8, 16], "texture": "#0"},
				"south": {"uv": [0, 13, 16, 15.5], "texture": "#0"},
				"west": {"uv": [0, 13, 3, 15.5], "texture": "#0"},
				"up": {"uv": [0, 13, 16, 16], "texture": "#0"},
				"down": {"uv": [0, 13, 16, 16], "texture": "#0"}
			}
		},
		{
			"from": [3, 9, 6.02],
			"to": [18, 10.5, 8.97],
			"rotation": {"angle": 0, "axis": "y", "origin": [11, 17, 14]},
			"faces": {
				"north": {"uv": [0, 14.5, 15, 16], "texture": "#0"},
				"east": {"uv": [2, 13.5, 6, 16], "texture": "#0"},
				"south": {"uv": [0, 14.5, 15, 16], "texture": "#0"},
				"west": {"uv": [0, 13, 3, 15.5], "texture": "#0"},
				"up": {"uv": [0, 13, 16, 16], "texture": "#0"},
				"down": {"uv": [0, 13, 15, 16], "texture": "#0"}
			}
		},
		{
			"from": [-4, 10.2, 6.4],
			"to": [3, 11.05, 7.15],
			"rotation": {"angle": 22.5, "axis": "x", "origin": [10.5, 10.75, 7]},
			"faces": {
				"north": {"uv": [0, 5, 7, 6], "texture": "#0"},
				"east": {"uv": [5, 2.5, 7, 5], "texture": "#0"},
				"south": {"uv": [0, 0, 16, 2.5], "texture": "#0"},
				"west": {"uv": [4, 3, 7, 5.5], "texture": "#0"},
				"up": {"uv": [0, 2, 12, 5], "texture": "#0"},
				"down": {"uv": [0, 0, 12, 3], "texture": "#0"}
			}
		},
		{
			"from": [-4.001, 10, 6.6],
			"to": [2.999, 11.25, 8.4],
			"rotation": {"angle": 0, "axis": "y", "origin": [11, 17, 14]},
			"faces": {
				"north": {"uv": [0, 0, 13, 2.5], "texture": "#0"},
				"east": {"uv": [0, 14.5, 2, 16], "texture": "#0"},
				"south": {"uv": [0, 0, 13, 2.5], "texture": "#0"},
				"west": {"uv": [0, 3, 1.75, 4], "texture": "#0"},
				"up": {"uv": [0, 0, 7, 2], "texture": "#0"},
				"down": {"uv": [0, 2, 12, 4], "texture": "#0"}
			}
		},
		{
			"from": [-4, 10.34183, 8.10886],
			"to": [3, 11.24183, 8.85886],
			"rotation": {"angle": -22.5, "axis": "x", "origin": [10.5, 10.19183, 8.60886]},
			"faces": {
				"north": {"uv": [0, 5, 7, 6], "texture": "#0"},
				"east": {"uv": [3, 3.5, 5, 5], "texture": "#0"},
				"south": {"uv": [0, 5, 7, 6], "texture": "#0"},
				"west": {"uv": [0, 0, 3, 2.5], "texture": "#0"},
				"up": {"uv": [0, 5, 7, 6], "texture": "#0"},
				"down": {"uv": [0, 5, 7, 6], "texture": "#0"}
			}
		},
		{
			"from": [-2, 9.8, 6.25],
			"to": [3, 10.5, 8.75],
			"rotation": {"angle": 0, "axis": "y", "origin": [11, 17, 14]},
			"faces": {
				"north": {"uv": [5, 6, 10, 5], "texture": "#0"},
				"east": {"uv": [8, 1.5, 12, 4], "texture": "#0"},
				"south": {"uv": [5, 5, 10, 6], "texture": "#0"},
				"west": {"uv": [3, 1, 6, 3.5], "texture": "#0"},
				"up": {"uv": [0, 0, 13, 3], "texture": "#0"},
				"down": {"uv": [0, 0, 4, 2.5], "texture": "#0"}
			}
		},
		{
			"from": [-4, 7, 6.25],
			"to": [-2, 10.5, 8.75],
			"rotation": {"angle": 0, "axis": "y", "origin": [11, 17, 14]},
			"faces": {
				"north": {"uv": [5, 0, 7, 3], "texture": "#0"},
				"east": {"uv": [0, 0, 4, 5.5], "texture": "#0"},
				"south": {"uv": [5, 0, 7, 3], "texture": "#0"},
				"west": {"uv": [5, 0, 7.5, 3.5], "texture": "#0"},
				"up": {"uv": [0, 0, 4, 3], "texture": "#0"},
				"down": {"uv": [5, 0, 7, 2], "texture": "#0"}
			}
		}
	],
	"gui_light": "front",
	"display": {
		"thirdperson_righthand": {
			"rotation": [0, 90, 0],
			"translation": [0.5, -1, -0.75]
		},
		"thirdperson_lefthand": {
			"rotation": [-180, -64, -160],
			"translation": [-8.75, -7.25, 12]
		},
		"firstperson_righthand": {
			"rotation": [0, 80, 0],
			"translation": [0.25, 1.5, 2]
		},
		"firstperson_lefthand": {
			"translation": [0, -5.25, 0]
		},
		"ground": {
			"rotation": [90, 0, 0],
			"translation": [-1.25, -3.5, 0],
			"scale": [0.75, 0.751, 0.75]
		},
		"gui": {
			"rotation": [25, 145, 5],
			"translation": [2.25, -0.25, 0]
		},
		"fixed": {
			"translation": [-1, 0, 0]
		}
	},
	"groups": [
		0,
		1,
		2,
		3,
		4,
		5,
		6,
		7,
		{
			"name": "octagon",
			"origin": [8, 8, 8],
			"color": 0,
			"nbt": "{}",
			"armAnimationEnabled": false,
			"children": [8, 9, 10, 11, 12, 13, 14, 15]
		},
		{
			"name": "group",
			"origin": [11, 17, 14],
			"color": 0,
			"nbt": "{}",
			"armAnimationEnabled": false,
			"children": [16, 17, 18, 19]
		},
		{
			"name": "group",
			"origin": [11, 17, 14],
			"color": 0,
			"nbt": "{}",
			"armAnimationEnabled": false,
			"children": [20, 21, 22, 23, 24]
		}
	]
}