{
	"credit": "Made with Blockbench",
	"textures": {
		"0": "shotgun",
		"particle": "shotgun"
	},
	"elements": [
		{
			"from": [1.75, 0.75, 5.25],
			"to": [4.5, 5.75, 7.75],
			"rotation": {"angle": -22.5, "axis": "z", "origin": [3.125, 3.25, 6.5]},
			"faces": {
				"north": {"uv": [0, 0, 3, 5], "texture": "#0"},
				"east": {"uv": [0, 0, 3, 5], "texture": "#0"},
				"south": {"uv": [0, 0, 3, 5], "texture": "#0"},
				"west": {"uv": [0, 0, 3, 5], "texture": "#0"},
				"up": {"uv": [0, 0, 3, 3], "texture": "#0"},
				"down": {"uv": [0, 0, 3, 3], "texture": "#0"}
			}
		},
		{
			"from": [7, 3.5, 5.3125],
			"to": [7.5, 5.5, 7.6875],
			"rotation": {"angle": -22.5, "axis": "z", "origin": [7.5, 5, 6.5]},
			"faces": {
				"north": {"uv": [0, 0, 2, 0.5], "rotation": 90, "texture": "#0"},
				"east": {"uv": [0, 0, 2, 2.875], "rotation": 270, "texture": "#0"},
				"south": {"uv": [0, 0, 2, 0.5], "rotation": 270, "texture": "#0"},
				"west": {"uv": [0, 0, 2, 2.875], "rotation": 270, "texture": "#0"},
				"up": {"uv": [0, 0, 2.875, 0.5], "rotation": 270, "texture": "#0"},
				"down": {"uv": [0, 0, 2.875, 0.5], "rotation": 270, "texture": "#0"}
			}
		},
		{
			"from": [4.64019, 3.38373, 5.3125],
			"to": [6.95269, 3.88373, 7.6875],
			"rotation": {"angle": 0, "axis": "z", "origin": [5.95269, 3.63373, 6.5]},
			"faces": {
				"north": {"uv": [0, 0, 2, 0.5], "texture": "#0"},
				"east": {"uv": [0, 0, 2.875, 0.5], "texture": "#0"},
				"south": {"uv": [0, 0, 2, 0.5], "texture": "#0"},
				"west": {"uv": [0, 0, 2.875, 0.5], "texture": "#0"},
				"up": {"uv": [0, 0, 2, 2.875], "texture": "#0"},
				"down": {"uv": [0, 0, 2, 2.875], "texture": "#0"}
			}
		},
		{
			"from": [4.95269, 4.25873, 5.75],
			"to": [5.70269, 5.13373, 7.25],
			"rotation": {"angle": 0, "axis": "z", "origin": [5.95269, 4.88373, 6.5]},
			"faces": {
				"north": {"uv": [14, 3, 14.75, 3.875], "texture": "#0"},
				"east": {"uv": [13, 0, 14.5, 0.875], "texture": "#0"},
				"south": {"uv": [14, 3, 14.75, 3.875], "texture": "#0"},
				"west": {"uv": [14, 3, 15.5, 3.875], "texture": "#0"},
				"up": {"uv": [14, 1, 14.75, 2.5], "texture": "#0"},
				"down": {"uv": [15, 4, 15.75, 5.5], "texture": "#0"}
			}
		},
		{
			"from": [10, 4, 5.35],
			"to": [17, 5, 7.65],
			"rotation": {"angle": 0, "axis": "y", "origin": [10, 11, 13]},
			"faces": {
				"north": {"uv": [9, 9, 16, 10], "texture": "#0"},
				"east": {"uv": [13, 11, 16, 12], "texture": "#0"},
				"south": {"uv": [9, 9, 16, 10], "texture": "#0"},
				"west": {"uv": [13, 11, 16, 12], "texture": "#0"},
				"up": {"uv": [4, 10, 11, 13], "texture": "#0"},
				"down": {"uv": [4, 10, 11, 13], "texture": "#0"}
			}
		},
		{
			"from": [16.25, 7.25, 6],
			"to": [17.75, 7.75, 7],
			"rotation": {"angle": 0, "axis": "y", "origin": [11, 14, 13]},
			"faces": {
				"north": {"uv": [13, 6, 14.5, 6.5], "texture": "#0"},
				"east": {"uv": [15, 2, 16, 2.5], "texture": "#0"},
				"south": {"uv": [13, 6, 14.5, 6.5], "texture": "#0"},
				"west": {"uv": [15, 1, 16, 1.5], "texture": "#0"},
				"up": {"uv": [14, 5, 15.5, 6], "texture": "#0"},
				"down": {"uv": [14, 5, 15.5, 6], "texture": "#0"}
			}
		},
		{
			"from": [2, 6.145, 5.2],
			"to": [18, 7.11, 6.2],
			"rotation": {"angle": 22.5, "axis": "x", "origin": [9.5, 6.75, 6]},
			"faces": {
				"north": {"uv": [0, 13, 16, 15.5], "texture": "#0"},
				"east": {"uv": [6, 13.5, 8, 16], "texture": "#0"},
				"south": {"uv": [0, 13, 16, 15.5], "texture": "#0"},
				"west": {"uv": [0, 13, 3, 15.5], "texture": "#0"},
				"up": {"uv": [0, 13, 16, 16], "texture": "#0"},
				"down": {"uv": [0, 13, 16, 16], "texture": "#0"}
			}
		},
		{
			"from": [1.999, 6, 5.4],
			"to": [17.999, 7.38, 7.6],
			"rotation": {"angle": 0, "axis": "y", "origin": [10, 13, 13]},
			"faces": {
				"north": {"uv": [0, 13, 16, 15.5], "texture": "#0"},
				"east": {"uv": [0, 14.5, 2, 16], "texture": "#0"},
				"south": {"uv": [0, 13, 16, 15.5], "texture": "#0"},
				"west": {"uv": [0, 13, 3, 15.5], "texture": "#0"},
				"up": {"uv": [0, 13, 16, 16], "texture": "#0"},
				"down": {"uv": [0, 13, 16, 16], "texture": "#0"}
			}
		},
		{
			"from": [2, 6.34183, 7.10886],
			"to": [18, 7.34183, 8.10886],
			"rotation": {"angle": -22.5, "axis": "x", "origin": [9.5, 6.19183, 7.60886]},
			"faces": {
				"north": {"uv": [0, 13, 16, 15.5], "texture": "#0"},
				"east": {"uv": [6, 14.5, 8, 16], "texture": "#0"},
				"south": {"uv": [0, 13, 16, 15.5], "texture": "#0"},
				"west": {"uv": [0, 13, 3, 15.5], "texture": "#0"},
				"up": {"uv": [0, 13, 16, 16], "texture": "#0"},
				"down": {"uv": [0, 13, 16, 16], "texture": "#0"}
			}
		},
		{
			"from": [1.99, 5, 5.03],
			"to": [17.99, 6.5, 8],
			"rotation": {"angle": 0, "axis": "y", "origin": [10, 13, 13]},
			"faces": {
				"north": {"uv": [0, 13, 16, 15.5], "texture": "#0"},
				"east": {"uv": [2, 13.5, 6, 16], "texture": "#0"},
				"south": {"uv": [0, 13, 16, 15.5], "texture": "#0"},
				"west": {"uv": [0, 13, 3, 15.5], "texture": "#0"},
				"up": {"uv": [0, 13, 16, 16], "texture": "#0"},
				"down": {"uv": [0, 13, 16, 16], "texture": "#0"}
			}
		},
		{
			"from": [18.01, 5.75, 6],
			"to": [18.01, 6.75, 7],
			"rotation": {"angle": 0, "axis": "y", "origin": [10, 13, 13]},
			"faces": {
				"north": {"uv": [0, 13, 16, 15.5], "texture": "#0"},
				"east": {"uv": [1, 10, 3, 12], "texture": "#0"},
				"south": {"uv": [0, 13, 16, 15.5], "texture": "#0"},
				"west": {"uv": [0, 13, 3, 15.5], "texture": "#0"},
				"up": {"uv": [0, 13, 16, 16], "texture": "#0"},
				"down": {"uv": [0, 13, 16, 16], "texture": "#0"}
			}
		},
		{
			"from": [-5, 6.2, 5.4],
			"to": [2, 7.2, 6.15],
			"rotation": {"angle": 22.5, "axis": "x", "origin": [9.5, 6.75, 5.95]},
			"faces": {
				"north": {"uv": [0, 0, 7, 2.5], "texture": "#0"},
				"east": {"uv": [5, 2.5, 7, 5], "texture": "#0"},
				"south": {"uv": [0, 0, 16, 2.5], "texture": "#0"},
				"west": {"uv": [0, 3, 3, 5.5], "texture": "#0"},
				"up": {"uv": [0, 2, 16, 5], "texture": "#0"},
				"down": {"uv": [0, 0, 16, 3], "texture": "#0"}
			}
		},
		{
			"from": [-5.001, 6, 5.6],
			"to": [1.999, 7.4, 7.3],
			"rotation": {"angle": 0, "axis": "y", "origin": [10, 13, 12.95]},
			"faces": {
				"north": {"uv": [0, 0, 13, 2.5], "texture": "#0"},
				"east": {"uv": [0, 14.5, 2, 16], "texture": "#0"},
				"south": {"uv": [0, 0, 13, 2.5], "texture": "#0"},
				"west": {"uv": [0, 3, 3, 5.5], "texture": "#0"},
				"up": {"uv": [0, 0, 7, 3], "texture": "#0"},
				"down": {"uv": [0, 13, 16, 16], "texture": "#0"}
			}
		},
		{
			"from": [-5, 6.34183, 7.05886],
			"to": [2, 7.34183, 7.70886],
			"rotation": {"angle": -22.5, "axis": "x", "origin": [9.5, 6.19183, 7.55886]},
			"faces": {
				"north": {"uv": [0, 13, 16, 15.5], "texture": "#0"},
				"east": {"uv": [6, 14.5, 8, 16], "texture": "#0"},
				"south": {"uv": [0, 0, 10, 2.5], "texture": "#0"},
				"west": {"uv": [0, 0, 3, 2.5], "texture": "#0"},
				"up": {"uv": [0, 13, 16, 16], "texture": "#0"},
				"down": {"uv": [0, 13, 16, 16], "texture": "#0"}
			}
		},
		{
			"from": [-3, 5, 5.2],
			"to": [2, 6.5, 7.7],
			"rotation": {"angle": 0, "axis": "y", "origin": [10, 13, 12.95]},
			"faces": {
				"north": {"uv": [0, 0, 5, 1.5], "texture": "#0"},
				"east": {"uv": [8, 1.5, 12, 4], "texture": "#0"},
				"south": {"uv": [0, 0, 5, 1.5], "texture": "#0"},
				"west": {"uv": [3, 1, 6, 3.5], "texture": "#0"},
				"up": {"uv": [0, 0, 13, 3], "texture": "#0"},
				"down": {"uv": [0, 0, 5, 2], "texture": "#0"}
			}
		},
		{
			"from": [-5, 3, 5.2],
			"to": [-3, 6.5, 7.7],
			"rotation": {"angle": 0, "axis": "y", "origin": [10, 13, 12.95]},
			"faces": {
				"north": {"uv": [0, 0, 3, 5.5], "texture": "#0"},
				"east": {"uv": [0, 0, 3, 5.5], "texture": "#0"},
				"south": {"uv": [0, 0, 3, 5.5], "texture": "#0"},
				"west": {"uv": [0, 0, 3, 5.5], "texture": "#0"},
				"up": {"uv": [0, 0, 4, 3], "texture": "#0"},
				"down": {"uv": [0, 0, 4, 3], "texture": "#0"}
			}
		}
	],
	"gui_light": "front",
	"display": {
		"thirdperson_righthand": {
			"rotation": [0, 90, 0],
			"translation": [1.5, 3, -2]
		},
		"thirdperson_lefthand": {
			"rotation": [-180, -64, -160],
			"translation": [-8.75, -2.75, 8.5]
		},
		"firstperson_righthand": {
			"rotation": [0, 80, 0],
			"translation": [2.25, 4.75, 0.25]
		},
		"firstperson_lefthand": {
			"translation": [0, -3.75, 0]
		},
		"ground": {
			"rotation": [90, 0, 0],
			"translation": [1.25, -4.5, 1],
			"scale": [0.75, 0.75, 0.75]
		},
		"gui": {
			"rotation": [26, 143, 0],
			"translation": [-0.25, 3.5, 0]
		},
		"fixed": {
			"translation": [1.5, 2.5, 0]
		}
	},
	"groups": [
		0,
		1,
		2,
		3,
		4,
		5,
		{
			"name": "group",
			"origin": [11, 17, 14],
			"color": 0,
			"nbt": "{}",
			"armAnimationEnabled": false,
			"children": [6, 7, 8, 9, 10]
		},
		{
			"name": "group",
			"origin": [11, 17, 14],
			"color": 0,
			"nbt": "{}",
			"armAnimationEnabled": false,
			"children": [11, 12, 13, 14, 15]
		}
	]
}