{
	"credit": "Made with Blockbench",
	"textures": {
		"0": "melee/metal_pipe",
		"particle": "melee/metal_pipe"
	},
	"elements": [
		{
			"from": [0, 0, 0],
			"to": [2, 17, 2],
			"faces": {
				"north": {"uv": [0, 0, 2, 16], "texture": "#0"},
				"east": {"uv": [0, 0, 2, 16], "texture": "#0"},
				"south": {"uv": [0, 0, 2, 16], "texture": "#0"},
				"west": {"uv": [0, 0, 2, 16], "texture": "#0"},
				"up": {"uv": [0, 0, 2, 2], "texture": "#0"},
				"down": {"uv": [0, 0, 2, 2], "texture": "#0"}
			}
		},
		{
			"from": [-0.25, 13, -0.25],
			"to": [2.25, 14, 2.25],
			"faces": {
				"north": {"uv": [2, 0, 4.5, 1], "texture": "#0"},
				"east": {"uv": [2, 0, 4.5, 1], "texture": "#0"},
				"south": {"uv": [2, 0, 4.5, 1], "texture": "#0"},
				"west": {"uv": [2, 0, 4.5, 1], "texture": "#0"},
				"up": {"uv": [2, 0, 4.5, 2.5], "texture": "#0"},
				"down": {"uv": [2, 0, 4.5, 2.5], "texture": "#0"}
			}
		},
		{
			"from": [0, 15, -2],
			"to": [2, 17, 0],
			"faces": {
				"north": {"uv": [2, 11, 7, 16], "texture": "#0"},
				"east": {"uv": [0, 0, 2, 2], "texture": "#0"},
				"south": {"uv": [0, 0, 2, 2], "texture": "#0"},
				"west": {"uv": [0, 0, 2, 2], "texture": "#0"},
				"up": {"uv": [0, 0, 2, 2], "texture": "#0"},
				"down": {"uv": [0, 0, 2, 2], "texture": "#0"}
			}
		}
	],
	"display": {
		"thirdperson_righthand": {
			"translation": [7, 3.25, 8.5]
		},
		"thirdperson_lefthand": {
			"translation": [-6.75, 3.25, 8.75]
		},
		"firstperson_righthand": {
			"rotation": [-7, -2, 0],
			"translation": [11, 4, 5.5]
		},
		"firstperson_lefthand": {
			"rotation": [-5, -2, 0],
			"translation": [-1, 1.75, 4]
		},
		"ground": {
			"rotation": [0, 0, 90],
			"translation": [0.75, 4, 6.75]
		},
		"gui": {
			"rotation": [9, 51, 24],
			"translation": [9.5, 2.5, 0]
		},
		"fixed": {
			"rotation": [0, -90, 0],
			"translation": [-6.75, -1.25, 5.5]
		}
	}
}