{
	"credit": "Made with Blockbench",
	"textures": {
		"0": "medkit",
		"particle": "medkit"
	},
	"elements": [
		{
			"from": [3, 0, 4],
			"to": [13, 8, 5],
			"rotation": {"angle": 0, "axis": "y", "origin": [14, 8, 12]},
			"faces": {
				"north": {"uv": [0, 0, 10, 8], "texture": "#0"},
				"east": {"uv": [0, 0, 1, 8], "texture": "#0"},
				"south": {"uv": [0, 0, 10, 8], "texture": "#0"},
				"west": {"uv": [0, 0, 1, 8], "texture": "#0"},
				"up": {"uv": [0, 0, 10, 1], "texture": "#0"},
				"down": {"uv": [0, 0, 10, 1], "texture": "#0"}
			}
		},
		{
			"from": [5, 9, 4.6875],
			"to": [11, 10, 5.6875],
			"rotation": {"angle": 0, "axis": "y", "origin": [14, 17, 12.6875]},
			"faces": {
				"north": {"uv": [0, 0, 6, 1], "texture": "#0"},
				"east": {"uv": [0, 0, 1, 1], "texture": "#0"},
				"south": {"uv": [0, 0, 6, 1], "texture": "#0"},
				"west": {"uv": [0, 0, 1, 1], "texture": "#0"},
				"up": {"uv": [0, 0, 6, 1], "texture": "#0"},
				"down": {"uv": [0, 0, 6, 1], "texture": "#0"}
			}
		},
		{
			"from": [10, 8, 4.6875],
			"to": [11, 9, 5.6875],
			"rotation": {"angle": 0, "axis": "y", "origin": [14, 16, 12.6875]},
			"faces": {
				"north": {"uv": [0, 0, 1, 1], "texture": "#0"},
				"east": {"uv": [0, 0, 1, 1], "texture": "#0"},
				"south": {"uv": [0, 0, 1, 1], "texture": "#0"},
				"west": {"uv": [0, 0, 1, 1], "texture": "#0"},
				"up": {"uv": [0, 0, 1, 1], "texture": "#0"},
				"down": {"uv": [0, 0, 1, 1], "texture": "#0"}
			}
		},
		{
			"from": [5, 8, 4.6875],
			"to": [6, 9, 5.6875],
			"rotation": {"angle": 0, "axis": "y", "origin": [9, 16, 12.6875]},
			"faces": {
				"north": {"uv": [0, 0, 1, 1], "texture": "#0"},
				"east": {"uv": [0, 0, 1, 1], "texture": "#0"},
				"south": {"uv": [0, 0, 1, 1], "texture": "#0"},
				"west": {"uv": [0, 0, 1, 1], "texture": "#0"},
				"up": {"uv": [0, 0, 1, 1], "texture": "#0"},
				"down": {"uv": [0, 0, 1, 1], "texture": "#0"}
			}
		},
		{
			"from": [3, 0, 5.25],
			"to": [13, 8, 6.25],
			"rotation": {"angle": 0, "axis": "y", "origin": [14, 8, 13.25]},
			"faces": {
				"north": {"uv": [0, 0, 10, 8], "texture": "#0"},
				"east": {"uv": [0, 0, 1, 8], "texture": "#0"},
				"south": {"uv": [0, 0, 10, 8], "texture": "#0"},
				"west": {"uv": [0, 0, 1, 8], "texture": "#0"},
				"up": {"uv": [0, 0, 10, 1], "texture": "#0"},
				"down": {"uv": [0, 0, 10, 1], "texture": "#0"}
			}
		},
		{
			"from": [3, 0, 5],
			"to": [13, 8, 5.25],
			"rotation": {"angle": 0, "axis": "y", "origin": [14, 8, 13]},
			"faces": {
				"north": {"uv": [0, 0, 10, 8], "texture": "#0"},
				"east": {"uv": [15, 0, 15.25, 8], "texture": "#0"},
				"south": {"uv": [0, 0, 10, 8], "texture": "#0"},
				"west": {"uv": [15, 0, 15.25, 8], "texture": "#0"},
				"up": {"uv": [6, 15, 16, 15.25], "texture": "#0"},
				"down": {"uv": [6, 15, 16, 15.25], "texture": "#0"}
			}
		}
	],
	"gui_light": "front",
	"display": {
		"thirdperson_righthand": {
			"rotation": [0, 90, 90],
			"translation": [2.75, -2, -0.75]
		},
		"thirdperson_lefthand": {
			"rotation": [0, 90, 90],
			"translation": [3, -2, -0.5]
		},
		"firstperson_righthand": {
			"rotation": [0, 90, 0],
			"translation": [6.25, 3.25, 0]
		},
		"firstperson_lefthand": {
			"rotation": [0, 90, 0],
			"translation": [6.25, 3.5, 0]
		},
		"ground": {
			"rotation": [90, 0, 0],
			"translation": [0, -5.75, 3.25]
		},
		"gui": {
			"rotation": [34, -43, 0],
			"translation": [-1.5, 2, 0]
		},
		"fixed": {
			"translation": [0, 3.5, 2]
		}
	}
}